SET NAMES utf8;
SET time_zone = '+00:00';
SET foreign_key_checks = 0;
SET sql_mode = 'NO_AUTO_VALUE_ON_ZERO';

SET NAMES utf8mb4;

INSERT INTO `favorites` (`user_id`, `movie_id`) VALUES
(1,	38),
(2,	16),
(5,	63),
(8,	24),
(8,	145),
(9,	92),
(11,	13),
(11,	54),
(12,	67),
(14,	102),
(14,	116),
(14,	165),
(15,	14),
(15,	169),
(16,	81),
(17,	59),
(18,	9),
(18,	68),
(18,	135),
(19,	80),
(19,	99),
(20,	18),
(20,	174),
(21,	15),
(21,	40),
(22,	175),
(24,	64),
(24,	180),
(25,	67),
(26,	80),
(27,	126),
(27,	161),
(27,	175),
(28,	66),
(28,	69),
(28,	151),
(28,	181),
(31,	180),
(32,	19),
(32,	83),
(33,	72),
(35,	90),
(35,	103),
(37,	18),
(37,	47),
(37,	82),
(37,	86),
(37,	189),
(38,	135),
(40,	17),
(41,	49),
(41,	107),
(41,	174),
(44,	13),
(46,	121),
(46,	135),
(46,	161),
(47,	85),
(47,	172),
(48,	184),
(49,	93),
(50,	30),
(51,	113),
(51,	172),
(52,	14),
(52,	112),
(53,	12),
(53,	188),
(55,	156),
(56,	28),
(57,	85),
(58,	121),
(59,	97),
(59,	128),
(59,	182),
(63,	93),
(63,	145),
(66,	120),
(67,	173),
(67,	181),
(68,	132),
(68,	169),
(69,	72),
(69,	132),
(70,	34),
(70,	40),
(70,	136),
(70,	170),
(71,	52),
(71,	58),
(73,	10),
(73,	171),
(74,	106),
(75,	8),
(76,	8),
(76,	176),
(78,	37),
(78,	45),
(79,	138),
(80,	50),
(80,	81),
(80,	84),
(81,	183),
(82,	87),
(82,	89),
(82,	98),
(84,	103),
(84,	178),
(85,	136),
(86,	107),
(86,	116),
(86,	124),
(86,	134),
(86,	184),
(88,	106),
(88,	153),
(89,	73),
(89,	149),
(89,	151),
(94,	82),
(94,	100),
(94,	180),
(96,	113),
(98,	32),
(99,	17),
(99,	91),
(100,	180),
(102,	117),
(102,	153),
(103,	38),
(104,	107),
(105,	1),
(105,	155),
(106,	48),
(106,	109),
(108,	55),
(108,	113),
(108,	130),
(109,	24),
(109,	51),
(109,	56),
(109,	78),
(110,	159),
(113,	49),
(113,	122),
(113,	138),
(116,	23),
(116,	100),
(116,	137),
(116,	163),
(120,	53),
(120,	132),
(120,	135),
(121,	99),
(121,	151),
(123,	5),
(123,	58),
(124,	85),
(124,	148),
(124,	170),
(124,	186),
(125,	31),
(125,	42),
(126,	171),
(127,	7),
(127,	154),
(128,	124),
(128,	157),
(129,	41),
(130,	15),
(130,	106),
(130,	162),
(131,	186),
(132,	7),
(132,	149),
(133,	74),
(134,	2),
(135,	89),
(136,	62),
(136,	95),
(136,	172),
(138,	156),
(139,	107),
(140,	91),
(142,	111),
(143,	101),
(143,	124),
(143,	168),
(144,	16),
(144,	129),
(148,	1),
(148,	59),
(148,	108),
(149,	30),
(149,	82),
(150,	81),
(150,	164),
(151,	40),
(151,	158),
(152,	69),
(152,	102),
(153,	27),
(154,	142),
(155,	15),
(158,	37),
(158,	63),
(159,	107),
(159,	163),
(160,	23),
(160,	46),
(160,	172),
(161,	31),
(164,	22),
(165,	110),
(166,	171),
(167,	86),
(167,	186),
(168,	12),
(168,	56),
(168,	177),
(171,	16),
(171,	141),
(174,	54),
(175,	55),
(175,	147),
(176,	30),
(176,	31),
(176,	38),
(176,	76),
(176,	161),
(180,	51),
(180,	55),
(182,	60),
(183,	149),
(184,	69),
(184,	76),
(184,	163),
(186,	36),
(186,	76),
(186,	119),
(187,	127),
(187,	174),
(188,	125),
(189,	4),
(192,	144),
(194,	77),
(194,	185),
(197,	150),
(198,	96),
(198,	165),
(199,	147),
(199,	189),
(200,	98),
(200,	115),
(201,	174),
(201,	184),
(202,	74),
(203,	53),
(204,	171),
(205,	27),
(205,	80),
(205,	145),
(207,	73),
(207,	100),
(207,	135),
(207,	178),
(209,	85),
(209,	107),
(209,	151),
(210,	19),
(210,	29),
(210,	53),
(210,	63),
(210,	148),
(211,	71),
(211,	177),
(212,	108),
(213,	2),
(213,	69),
(214,	135),
(214,	143),
(214,	181),
(217,	26),
(217,	133),
(219,	32),
(219,	61),
(221,	2),
(222,	165),
(223,	91),
(223,	124),
(224,	178),
(225,	37),
(226,	39),
(227,	22),
(227,	38),
(227,	145),
(227,	177),
(228,	116),
(229,	105),
(229,	120),
(230,	77),
(230,	141),
(231,	141),
(232,	54),
(232,	123),
(233,	40),
(233,	139),
(234,	53),
(235,	86),
(236,	98),
(236,	117),
(237,	156),
(238,	42),
(239,	117),
(240,	16),
(240,	115),
(240,	122),
(241,	167),
(242,	134),
(244,	187),
(244,	189),
(245,	20),
(245,	34),
(245,	74),
(245,	76),
(246,	157),
(247,	3),
(247,	52),
(247,	118),
(248,	80),
(248,	96),
(250,	161),
(250,	162),
(254,	83),
(254,	95),
(255,	29),
(256,	95),
(257,	127),
(258,	41),
(258,	92),
(258,	164),
(260,	98),
(260,	162),
(262,	176),
(263,	47),
(264,	73),
(264,	82),
(265,	30),
(266,	91),
(267,	78),
(268,	89),
(268,	107),
(270,	108),
(270,	168),
(271,	69),
(274,	170),
(275,	8),
(275,	119),
(276,	12),
(276,	20),
(276,	22),
(276,	80),
(277,	135),
(279,	20),
(279,	66),
(279,	165),
(279,	172),
(280,	58),
(282,	169),
(283,	66),
(284,	152),
(285,	63),
(285,	71),
(285,	75),
(286,	39),
(286,	75),
(286,	158),
(288,	154),
(289,	18),
(290,	56),
(291,	70),
(292,	136),
(296,	93),
(296,	157),
(297,	40),
(297,	107),
(299,	18),
(299,	141),
(300,	10),
(300,	66),
(300,	166),
(301,	47),
(301,	85),
(302,	41),
(303,	47),
(304,	9),
(304,	34),
(304,	129),
(306,	160),
(307,	49),
(307,	63),
(311,	39),
(313,	4),
(313,	101),
(314,	33),
(314,	188),
(315,	112),
(315,	166),
(316,	23),
(316,	78),
(316,	183),
(317,	26),
(318,	34),
(318,	187),
(319,	9),
(319,	89),
(319,	137),
(320,	66),
(321,	58),
(322,	35),
(323,	114),
(324,	15),
(324,	24),
(324,	53),
(325,	132),
(325,	158),
(327,	128),
(327,	140),
(327,	154),
(329,	24),
(330,	45),
(330,	52),
(330,	84),
(330,	131),
(331,	52),
(331,	85),
(331,	117),
(332,	157),
(333,	142),
(334,	66),
(335,	31),
(335,	189),
(336,	115),
(337,	41),
(337,	85),
(340,	137),
(340,	153),
(341,	41),
(341,	72),
(341,	168),
(341,	178),
(343,	122),
(346,	62),
(346,	90),
(350,	49),
(352,	149),
(352,	167),
(355,	13),
(356,	5),
(357,	4),
(358,	140),
(359,	17),
(359,	19),
(359,	104),
(360,	15),
(361,	10),
(361,	64),
(361,	138),
(361,	149),
(362,	91),
(362,	97),
(362,	113),
(362,	118),
(363,	77),
(363,	137),
(364,	61),
(364,	176),
(367,	13),
(368,	81),
(370,	88),
(370,	105),
(371,	46),
(371,	104),
(372,	114),
(373,	120),
(373,	159),
(374,	17),
(374,	135),
(376,	16),
(376,	183),
(377,	20),
(377,	129),
(377,	170),
(378,	10),
(380,	135),
(382,	52),
(382,	119),
(382,	133),
(383,	84),
(384,	57),
(384,	88),
(384,	163),
(386,	25),
(386,	186),
(387,	97),
(387,	164),
(388,	96),
(388,	178),
(389,	142),
(390,	32),
(390,	33),
(390,	168),
(391,	106),
(393,	25),
(394,	4),
(394,	34),
(394,	138),
(395,	9),
(395,	97),
(395,	120),
(395,	129),
(396,	86),
(396,	145),
(398,	30),
(399,	2),
(399,	76),
(401,	50),
(406,	98),
(406,	131),
(406,	164),
(408,	63),
(408,	183),
(409,	25),
(409,	113),
(410,	132),
(410,	143),
(415,	70),
(416,	70),
(417,	15),
(417,	110),
(417,	123),
(417,	144),
(419,	78),
(420,	79),
(424,	142),
(425,	25),
(425,	31),
(425,	56),
(425,	148),
(427,	11),
(427,	132),
(429,	66),
(429,	127),
(431,	50),
(433,	5),
(433,	170),
(436,	155),
(439,	128),
(440,	56),
(440,	60),
(441,	112),
(442,	90),
(442,	105),
(442,	178),
(442,	184),
(446,	144),
(447,	60),
(447,	151),
(448,	103),
(448,	151),
(449,	63),
(449,	93),
(449,	175),
(449,	189),
(453,	103),
(453,	168),
(453,	179),
(454,	18),
(454,	152),
(455,	84),
(455,	141),
(455,	143),
(457,	125),
(458,	168),
(459,	2),
(459,	13),
(459,	58),
(459,	119),
(459,	123),
(459,	166),
(461,	63),
(464,	175),
(464,	188),
(466,	23),
(466,	52),
(467,	112),
(467,	150),
(468,	74),
(468,	149),
(469,	49),
(469,	113),
(470,	177),
(471,	61),
(471,	65),
(471,	171),
(472,	118),
(472,	180),
(473,	33),
(473,	59),
(473,	84),
(473,	106),
(476,	29),
(477,	31),
(477,	78),
(478,	41),
(479,	23),
(479,	56),
(479,	69),
(479,	108),
(481,	45),
(481,	51),
(482,	74),
(482,	131),
(483,	151),
(484,	125),
(485,	44),
(487,	125),
(488,	45),
(488,	80),
(489,	87),
(489,	114),
(489,	136),
(489,	170),
(490,	86),
(490,	115),
(491,	148),
(492,	9),
(493,	27),
(493,	50),
(493,	145),
(494,	133),
(495,	122),
(496,	76),
(496,	158),
(497,	93),
(497,	155),
(499,	31),
(499,	54),
(500,	2),
(500,	155),
(501,	188),
(503,	71),
(503,	88),
(503,	131),
(504,	65),
(504,	73),
(504,	134),
(507,	33),
(507,	54),
(507,	158),
(508,	144),
(508,	161),
(509,	54),
(509,	143),
(510,	120),
(510,	164),
(511,	47),
(514,	172),
(515,	10),
(515,	97),
(517,	18),
(517,	79),
(518,	176),
(520,	169),
(521,	27),
(522,	4),
(524,	132),
(524,	180),
(525,	11),
(525,	15),
(525,	135),
(526,	139),
(526,	157),
(529,	88),
(530,	46),
(531,	23),
(531,	75),
(531,	106),
(531,	145),
(531,	161),
(532,	12),
(532,	52),
(532,	121),
(533,	106),
(534,	93),
(534,	128),
(535,	86),
(535,	104),
(535,	151),
(536,	26),
(536,	105),
(540,	71),
(541,	62),
(541,	71),
(542,	66),
(543,	97),
(543,	136),
(544,	125),
(545,	17),
(545,	59),
(545,	84),
(545,	89),
(545,	123),
(547,	164),
(549,	10),
(549,	49),
(549,	148),
(550,	97),
(552,	130),
(553,	98),
(554,	155),
(555,	139),
(556,	154),
(557,	138),
(558,	39),
(558,	46),
(558,	129),
(559,	115),
(559,	151),
(560,	86),
(563,	73),
(563,	181),
(563,	185),
(564,	85),
(564,	91),
(564,	188),
(565,	15),
(566,	2),
(567,	126),
(569,	42),
(569,	147),
(571,	10),
(571,	149),
(573,	13),
(574,	76),
(575,	3),
(575,	45),
(581,	39),
(581,	155),
(582,	153),
(583,	117),
(585,	20),
(585,	81),
(586,	111),
(587,	126),
(589,	40),
(589,	96),
(589,	127),
(589,	165),
(591,	51),
(591,	89),
(591,	102),
(591,	157),
(592,	46),
(592,	122),
(595,	142),
(596,	75),
(597,	152),
(597,	156),
(597,	175),
(598,	37),
(598,	89),
(599,	104),
(599,	115),
(599,	146),
(604,	91),
(604,	101),
(605,	59),
(605,	85),
(605,	177),
(606,	156),
(608,	56),
(608,	156),
(609,	107),
(609,	181),
(610,	114),
(611,	41),
(611,	51),
(611,	139),
(612,	21),
(612,	60),
(613,	76),
(614,	90),
(615,	47),
(617,	3),
(619,	11),
(619,	160),
(620,	84),
(623,	35),
(623,	176),
(627,	94),
(627,	101),
(628,	7),
(630,	122),
(631,	73),
(633,	44),
(633,	73),
(633,	108),
(635,	172),
(637,	24),
(637,	101),
(638,	68),
(638,	149),
(640,	29),
(640,	34),
(641,	135),
(642,	97),
(643,	67),
(643,	136),
(643,	178),
(644,	94),
(645,	52),
(645,	56),
(646,	143),
(647,	148),
(649,	70),
(649,	92),
(649,	118),
(650,	126),
(651,	16),
(652,	54),
(653,	93),
(654,	120),
(655,	80),
(655,	94),
(655,	163),
(657,	125),
(657,	188),
(658,	111),
(658,	138),
(659,	43),
(659,	156),
(660,	3),
(661,	124),
(663,	3),
(663,	133),
(664,	82),
(664,	106),
(665,	21),
(666,	103),
(668,	72),
(668,	80),
(668,	128),
(668,	148),
(669,	3),
(669,	63),
(669,	84),
(669,	90),
(669,	98),
(671,	81),
(671,	145),
(671,	159),
(672,	177),
(673,	137),
(674,	113),
(675,	111),
(675,	177),
(676,	135),
(678,	69),
(678,	124),
(680,	73),
(680,	175),
(681,	150),
(681,	185),
(682,	92),
(682,	101),
(683,	143),
(686,	1),
(687,	72),
(688,	177),
(689,	24),
(689,	32),
(690,	36),
(690,	102),
(690,	105),
(691,	31),
(691,	39),
(692,	13),
(692,	37),
(692,	144),
(696,	79),
(697,	70),
(697,	76),
(697,	122),
(697,	138),
(698,	123),
(700,	160),
(701,	158),
(702,	124),
(703,	51),
(705,	34),
(705,	152),
(705,	155),
(705,	176),
(705,	179),
(706,	97),
(707,	174),
(709,	84),
(710,	25),
(710,	128),
(711,	146),
(712,	3),
(712,	78),
(713,	99),
(713,	134),
(714,	146),
(714,	174),
(714,	181),
(715,	171),
(715,	180),
(717,	17),
(718,	13),
(718,	108),
(718,	171),
(719,	17),
(719,	126),
(719,	127),
(720,	73),
(723,	42),
(723,	146),
(724,	18),
(724,	87),
(726,	134),
(726,	139),
(727,	30),
(728,	8),
(728,	105),
(732,	2),
(732,	10),
(732,	23),
(732,	106),
(733,	169),
(736,	117),
(737,	111),
(738,	159),
(739,	120),
(741,	35),
(741,	49),
(741,	61),
(741,	181),
(742,	1),
(742,	8),
(742,	113),
(743,	88),
(744,	168),
(745,	25),
(745,	88),
(746,	128),
(747,	2),
(747,	52),
(747,	150),
(748,	162),
(749,	101),
(749,	138),
(750,	28),
(750,	150),
(752,	43),
(752,	155),
(754,	74),
(754,	114),
(755,	22),
(755,	68),
(755,	77),
(755,	126),
(756,	111),
(756,	130),
(756,	156),
(757,	39),
(760,	22),
(760,	26),
(760,	87),
(760,	144),
(760,	187),
(762,	91),
(762,	142),
(763,	133),
(765,	129),
(767,	106),
(767,	112),
(769,	82),
(771,	55),
(771,	80),
(772,	25),
(772,	58),
(773,	38),
(774,	35),
(774,	134),
(776,	28),
(777,	72),
(778,	168),
(779,	20),
(780,	141),
(780,	163),
(781,	110),
(781,	188),
(782,	91),
(782,	143),
(783,	16),
(783,	29),
(784,	135),
(785,	112),
(786,	49),
(787,	29),
(787,	85),
(788,	90),
(788,	94),
(789,	12),
(789,	107),
(789,	176),
(791,	138),
(792,	104),
(793,	78),
(795,	103),
(795,	152),
(796,	21),
(797,	59),
(797,	124),
(798,	27),
(798,	90),
(799,	122),
(799,	146),
(800,	150),
(800,	171),
(801,	165),
(803,	58),
(805,	133),
(807,	60),
(807,	167),
(809,	69),
(809,	125),
(810,	113),
(810,	169),
(811,	29),
(812,	93),
(813,	64),
(814,	64),
(814,	164),
(816,	37),
(816,	84),
(816,	105),
(816,	143),
(817,	44),
(818,	117),
(819,	25),
(820,	145),
(821,	29),
(822,	136),
(822,	156),
(823,	153),
(825,	41),
(825,	49),
(825,	123),
(826,	64),
(826,	167),
(826,	184),
(827,	181),
(829,	74),
(829,	118),
(829,	172),
(830,	56),
(830,	117),
(831,	136),
(832,	4),
(832,	28),
(832,	56),
(833,	20),
(834,	77),
(836,	95),
(836,	122),
(837,	128),
(837,	139),
(839,	64),
(839,	180),
(841,	43),
(841,	176),
(842,	25),
(842,	94),
(842,	101),
(844,	99),
(844,	138),
(845,	106),
(846,	92),
(846,	149),
(847,	50),
(847,	111),
(848,	11),
(849,	20),
(849,	125),
(850,	8),
(853,	67),
(856,	51),
(857,	57),
(858,	69),
(858,	149),
(859,	18),
(859,	85),
(859,	101),
(861,	110),
(863,	96),
(864,	15),
(865,	25),
(865,	62),
(868,	129),
(870,	154),
(871,	91),
(871,	185),
(872,	37),
(873,	84),
(874,	46),
(875,	132),
(875,	186),
(876,	127),
(878,	56),
(878,	108),
(878,	141),
(878,	179),
(879,	25),
(879,	188),
(881,	50),
(881,	101),
(881,	107),
(881,	164),
(882,	73),
(883,	125),
(886,	184),
(887,	15),
(887,	124),
(888,	165),
(889,	121),
(889,	144),
(889,	183),
(890,	177),
(890,	184),
(893,	42),
(896,	94),
(896,	138),
(898,	5),
(898,	35),
(898,	46),
(899,	163),
(900,	112),
(900,	123),
(900,	130),
(900,	145),
(904,	145),
(904,	168),
(905,	144),
(906,	147),
(907,	9),
(907,	83),
(907,	123),
(909,	78),
(910,	118),
(911,	10),
(914,	168),
(915,	62),
(915,	97),
(915,	105),
(916,	160),
(917,	99),
(917,	115),
(918,	120),
(918,	151),
(920,	12),
(920,	74),
(920,	102),
(920,	127),
(921,	99),
(921,	102),
(922,	13),
(922,	94),
(922,	178),
(923,	155),
(924,	35),
(925,	152),
(926,	101),
(927,	12),
(927,	161),
(929,	88),
(929,	153),
(933,	40),
(935,	161),
(936,	173),
(937,	31),
(937,	94),
(938,	144),
(939,	93),
(939,	99),
(939,	112),
(940,	117),
(940,	170),
(941,	28),
(942,	56),
(942,	96),
(943,	92),
(944,	13),
(945,	11),
(945,	42),
(945,	76),
(945,	124),
(945,	161),
(946,	1),
(947,	21),
(947,	24),
(947,	171),
(948,	7),
(949,	37),
(949,	55),
(949,	121),
(949,	147),
(951,	19),
(952,	11),
(953,	62),
(954,	168),
(955,	164),
(956,	33),
(956,	81),
(956,	123),
(957,	88),
(957,	166),
(959,	135),
(962,	42),
(963,	184),
(964,	124),
(967,	10),
(969,	119),
(969,	137),
(969,	169),
(970,	75),
(970,	153),
(971,	130),
(971,	172),
(973,	186),
(974,	48),
(974,	91),
(974,	180),
(975,	105),
(976,	149),
(979,	169),
(980,	86),
(981,	70),
(984,	148),
(984,	149),
(985,	40),
(985,	55),
(985,	166),
(987,	63),
(987,	96),
(987,	141),
(987,	174),
(989,	96),
(991,	133),
(992,	89),
(992,	129),
(992,	158),
(993,	109),
(994,	168),
(995,	133),
(998,	66),
(998,	91),
(998,	93),
(999,	38),
(1000,	21);

INSERT INTO `genres` (`id`, `name`) VALUES
(7,	'Action'),
(8,	'Adventure'),
(4,	'Comedy'),
(6,	'Documentary'),
(9,	'Fantasy'),
(1,	'Horror'),
(3,	'Romance'),
(2,	'Sci-Fi'),
(5,	'Thriller');

INSERT INTO `movies` (`id`, `title`, `genre_id`) VALUES
(1,	'Halloween 4: The Return of Michael Myers',	2),
(2,	'Delta Farce',	8),
(3,	'Dark Tide',	5),
(4,	'Patience (After Sebald)',	5),
(5,	'No Man of Her Own',	7),
(6,	'Pennies from Heaven',	2),
(7,	'SherryBaby',	1),
(8,	'Summer in Berlin (Sommer vorm Balkon)',	1),
(9,	'Creep Van',	4),
(10,	'Grocer\'s Son, The (Fils de l\'épicier, Le)',	7),
(11,	'Royal Tenenbaums, The',	8),
(12,	'Delbaran',	7),
(13,	'Coupe de Ville',	7),
(14,	'Hellraiser',	1),
(15,	'Cousins in Love (a.k.a. Tender Cousins) (Tendres Cousines)',	2),
(16,	'Repulsion',	7),
(17,	'Juliet of the Spirits (Giulietta degli spiriti)',	8),
(18,	'Cassandra Crossing, The',	5),
(19,	'Buddy',	3),
(20,	'Cheap Detective, The',	3),
(21,	'Erendira',	6),
(22,	'To Be and to Have (Être et avoir)',	9),
(23,	'Grave Decisions (Wer früher stirbt, ist länger tot)',	4),
(24,	'Johnny Apollo',	9),
(25,	'Murder, He Says',	6),
(26,	'Giorgino',	6),
(27,	'Hôtel des Invalides',	2),
(28,	'Lonesome Dove',	5),
(29,	'Homework',	4),
(30,	'Night at the Opera, A',	4),
(31,	'Ponyo (Gake no ue no Ponyo)',	5),
(32,	'Love in the Afternoon',	4),
(33,	'Metroland',	1),
(34,	'Fair Game',	4),
(35,	'Wet Parade, The',	3),
(36,	'Polyester',	1),
(37,	'Great Freedom No. 7 (Port of Freedom) (Große Freiheit Nr. 7)',	7),
(38,	'Floating Clouds  (Ukigumo)',	8),
(39,	'American Heart',	3),
(40,	'Jean Renoir: Part One - From La Belle Époque to World War II',	2),
(41,	'Inception',	3),
(42,	'Hair Show',	3),
(43,	'Dead Space: Downfall',	7),
(44,	'Closed Circuit',	2),
(45,	'Chicago Cab (a.k.a. Hellcab)',	9),
(46,	'Through and Through (Na wylot)',	9),
(47,	'Cimarron',	3),
(48,	'Skin, Skin (Käpy selän alla)',	4),
(49,	'Brussels Business, The',	2),
(50,	'Man Escaped, A (Un  condamné à mort s\'est échappé ou Le vent souffle où il veut)',	7),
(51,	'The Great Raid',	3),
(52,	'Fûke, De',	5),
(53,	'Jesus of Nazareth',	2),
(54,	'City Hall',	6),
(55,	'Hiroshima Mon Amour',	7),
(56,	'Buddy Boy',	9),
(57,	'20 Dates',	1),
(58,	'Twenty-Four Eyes (Nijûshi no hitomi)',	8),
(59,	'Frenzy',	7),
(60,	'Frozen Ghost, The',	5),
(61,	'Cabeza de Vaca',	3),
(62,	'Georgia Rule',	2),
(63,	'What Will You Do When You Catch Me? (Co mi zrobisz jak mnie zlapiesz?)',	9),
(64,	'Invasion of the Bee Girls',	8),
(65,	'North Dallas Forty',	2),
(66,	'Wartorn: 1861-2010',	8),
(67,	'HE Who Gets Slapped',	4),
(68,	'Eden of the East the Movie I: The King of Eden (Higashi no Eden Gekijoban)',	7),
(69,	'Hand, The (Ruka)',	5),
(70,	'Astronaut Farmer, The',	9),
(71,	'Tropic Thunder',	2),
(72,	'Command Performance',	3),
(73,	'Truce, The (a.k.a. La Tregua)',	5),
(74,	'Innocent Lies',	4),
(75,	'Wildest Dream, The',	2),
(76,	'Men Without Women',	4),
(77,	'Battle of Shaker Heights, The',	7),
(78,	'The Christmas Wish',	8),
(79,	'Trouble with Bliss, The',	2),
(80,	'Raging Phoenix (Deu suay doo)',	6),
(81,	'Glamorous Life of Sachiko Hanai, The (Hatsujô kateikyôshi: sensei no aijiru)',	3),
(82,	'The Magic Flute',	5),
(83,	'Knight Without Armor',	7),
(84,	'Torch Song Trilogy',	9),
(85,	'How to Die in Oregon',	9),
(86,	'Tales from the Gimli Hospital',	8),
(87,	'Interiors',	5),
(88,	'Big Fat Liar',	4),
(89,	'Ocho apellidos vascos',	9),
(90,	'Star Trek: Nemesis',	8),
(91,	'Blue Velvet',	4),
(92,	'Bratz: The Movie',	3),
(93,	'1492: Conquest of Paradise',	4),
(94,	'Business of Strangers, The',	6),
(95,	'Dark, The',	8),
(96,	'Hollywoodland',	3),
(97,	'For Love and Gold (L\'armata Brancaleone)',	7),
(98,	'The Referees',	2),
(99,	'Apartment, The (Appartement, L\')',	3),
(100,	'Hooper',	9),
(101,	'The Left Handed Gun',	6),
(102,	'Innocent Affair, An (Don\'t Trust Your Husband) (Under Suspicion)',	5),
(103,	'Thing, The',	2),
(104,	'Land Before Time II: The Great Valley Adventure, The',	2),
(105,	'Lavatory Lovestory (Ubornaya istoriya - lyubovnaya istoriya)',	2),
(106,	'Holy Land, The',	8),
(107,	'WarGames: The Dead Code',	5),
(108,	'Last Voyage, The',	7),
(109,	'Penelope',	1),
(110,	'Damn the Defiant! (H.M.S. Defiant)',	8),
(111,	'The Second Best Exotic Marigold Hotel',	4),
(112,	'The Dependent',	8),
(113,	'Paris Belongs to Us (Paris nous appartient)',	1),
(114,	'I Will Buy You (Anata kaimasu)',	6),
(115,	'First Descent',	7),
(116,	'Everything You Always Wanted to Know About Sex * But Were Afraid to Ask',	2),
(117,	'30 Years to Life',	5),
(118,	'Shot at Glory, A',	1),
(119,	'Time to Leave',	1),
(120,	'Bachelor, The',	7),
(121,	'Hell Ride',	4),
(122,	'Beaver Trilogy Part IV',	6),
(123,	'Diving In',	2),
(124,	'Western Union',	5),
(125,	'Beautiful Darling',	2),
(126,	'Attack of the Killer Tomatoes!',	6),
(127,	'Enter the Void',	8),
(128,	'Cloudland',	2),
(129,	'Fjols til fjells',	2),
(130,	'Happy',	1),
(131,	'Such Good Friends',	6),
(132,	'Piranha (Piranha 3D)',	3),
(133,	'Freeway',	9),
(134,	'Space Cowboys',	2),
(135,	'Proposition, The',	2),
(136,	'Ginger & Rosa',	5),
(137,	'Lightning in a Bottle',	7),
(138,	'1987',	7),
(139,	'Babylon 5: In the Beginning',	3),
(140,	'Tuesday, After Christmas (Marti, dupa craciun)',	7),
(141,	'Singh Is Kinng',	2),
(142,	'alaskaLand',	6),
(143,	'Control (Kontroll)',	4),
(144,	'Broken Trail',	6),
(145,	'Cold Moon (Lune froide)',	7),
(146,	'Declaration of War (La Guerre est Déclarée)',	7),
(147,	'Nas: Time Is Illmatic',	6),
(148,	'Hotel Transylvania',	5),
(149,	'Good Night, and Good Luck.',	1),
(150,	'Lavender Hill Mob, The',	7),
(151,	'How to Be a Serial Killer',	4),
(152,	'Incident at Oglala',	4),
(153,	'Wanted! (Nachbarinnen)',	8),
(154,	'Mr Hockey The Gordie Howe Story',	9),
(155,	'Ernest Film Festival, The',	9),
(156,	'Behold a Pale Horse',	2),
(157,	'Leonard Cohen: I\'m Your Man',	2),
(158,	'Double Team',	6),
(159,	'Unforgiven',	5),
(160,	'Ray',	6),
(161,	'Sound and the Fury, The',	8),
(162,	'Padrecito, El (Little Priest)',	1),
(163,	'Mighty Macs, The',	9),
(164,	'Earth vs. The Spider',	9),
(165,	'St. George Shoots the Dragon (Sveti Georgije ubiva azdahu)',	1),
(166,	'War Within, The',	1),
(167,	'Left Behind: World at War',	6),
(168,	'Randy and the Mob',	2),
(169,	'Sex: The Annabel Chong Story',	8),
(170,	'Confessional, The (Confessionnal, Le)',	9),
(171,	'Ants in the Pants',	9),
(172,	'Amazing Adventure, The (a.k.a. The Amazing Quest of Ernest Bliss)',	2),
(173,	'American Pie Presents The Naked Mile (American Pie 5: The Naked Mile)',	3),
(174,	'How the Grinch Stole Christmas (a.k.a. The Grinch)',	2),
(175,	'Kanak Attack',	7),
(176,	'Lady Sings the Blues',	1),
(177,	'Madame Butterfly',	5),
(178,	'Who\'s That Knocking at My Door?',	8),
(179,	'Tea with Mussolini',	3),
(180,	'Stalker',	9),
(181,	'Rosie',	3),
(182,	'Power/Rangers',	7),
(183,	'First Deadly Sin, The',	4),
(184,	'Fading Gigolo',	2),
(185,	'Heckler',	4),
(186,	'Rear Window',	9),
(187,	'Farewell to Matyora',	9),
(188,	'Think Like a Man',	1),
(189,	'Temptation of a Monk (You Seng)',	4);

INSERT INTO `users` (`id`, `firstname`, `lastname`, `email`) VALUES
(1,	'Konstantin',	'Caddy',	'kcaddy0@oaic.gov.au'),
(2,	'Merle',	'Balfre',	'mbalfre1@stanford.edu'),
(3,	'Gannon',	'Kobiera',	'gkobiera2@google.pl'),
(4,	'Annecorinne',	'Bax',	'abax3@microsoft.com'),
(5,	'Vivia',	'Shevlane',	'vshevlane4@census.gov'),
(6,	'Tome',	'Suff',	'tsuff5@ameblo.jp'),
(7,	'Emory',	'Rosencrantz',	'erosencrantz6@squidoo.com'),
(8,	'Edwina',	'Gullberg',	'egullberg7@baidu.com'),
(9,	'Vivi',	'Attwater',	'vattwater8@bandcamp.com'),
(10,	'Magdalen',	'Heistermann',	'mheistermann9@hubpages.com'),
(11,	'Maddi',	'Postlewhite',	'mpostlewhitea@arizona.edu'),
(12,	'Morlee',	'Harman',	'mharmanb@nsw.gov.au'),
(13,	'Clerc',	'Basire',	'cbasirec@multiply.com'),
(14,	'Sasha',	'Conti',	'scontid@unc.edu'),
(15,	'Ula',	'Dedman',	'udedmane@ebay.com'),
(16,	'Cathlene',	'Lavelle',	'clavellef@hugedomains.com'),
(17,	'Sherill',	'Emanulsson',	'semanulssong@github.com'),
(18,	'Waldemar',	'Brookshaw',	'wbrookshawh@weibo.com'),
(19,	'Armin',	'Grunder',	'agrunderi@people.com.cn'),
(20,	'Clerkclaude',	'Mearing',	'cmearingj@cmu.edu'),
(21,	'Arney',	'Arnull',	'aarnullk@samsung.com'),
(22,	'Sue',	'Chretien',	'schretienl@opensource.org'),
(23,	'Abrahan',	'Phythian',	'aphythianm@list-manage.com'),
(24,	'Willie',	'Tournie',	'wtournien@soup.io'),
(25,	'Cyrus',	'Sapsforde',	'csapsfordeo@livejournal.com'),
(26,	'Siana',	'Durnin',	'sdurninp@opera.com'),
(27,	'Nicol',	'Savil',	'nsavilq@exblog.jp'),
(28,	'Dionne',	'Evangelinos',	'devangelinosr@ibm.com'),
(29,	'Astrix',	'Dawidowsky',	'adawidowskys@twitpic.com'),
(30,	'Irv',	'Speaks',	'ispeakst@businesswire.com'),
(31,	'Lyle',	'Larvor',	'llarvoru@fda.gov'),
(32,	'Tull',	'O\'Corr',	'tocorrv@t.co'),
(33,	'Darbee',	'Bellingham',	'dbellinghamw@washington.edu'),
(34,	'Harp',	'Elph',	'helphx@addthis.com'),
(35,	'Christoper',	'Smuth',	'csmuthy@miitbeian.gov.cn'),
(36,	'Bertram',	'Pettisall',	'bpettisallz@state.tx.us'),
(37,	'Ira',	'Newcombe',	'inewcombe10@goodreads.com'),
(38,	'Marisa',	'Cridlin',	'mcridlin11@reddit.com'),
(39,	'Bax',	'Herries',	'bherries12@imdb.com'),
(40,	'Paule',	'Drewry',	'pdrewry13@over-blog.com'),
(41,	'Janina',	'Johnys',	'jjohnys14@123-reg.co.uk'),
(42,	'Demetre',	'Gye',	'dgye15@forbes.com'),
(43,	'Deloria',	'Cortin',	'dcortin16@deliciousdays.com'),
(44,	'Westleigh',	'Gerrans',	'wgerrans17@4shared.com'),
(45,	'Audrey',	'Flieg',	'aflieg18@github.io'),
(46,	'Arlyn',	'Pavkovic',	'apavkovic19@canalblog.com'),
(47,	'Odille',	'Youles',	'oyoules1a@loc.gov'),
(48,	'Dev',	'Snodin',	'dsnodin1b@weather.com'),
(49,	'Gardner',	'Bortolazzi',	'gbortolazzi1c@vimeo.com'),
(50,	'Denny',	'Gossage',	'dgossage1d@weebly.com'),
(51,	'Grant',	'Bocke',	'gbocke1e@nydailynews.com'),
(52,	'Malinde',	'Yitzhak',	'myitzhak1f@soundcloud.com'),
(53,	'Harold',	'Nicolls',	'hnicolls1g@surveymonkey.com'),
(54,	'Ewart',	'Purveys',	'epurveys1h@instagram.com'),
(55,	'Rowney',	'Jerwood',	'rjerwood1i@sourceforge.net'),
(56,	'Carleen',	'Besse',	'cbesse1j@sbwire.com'),
(57,	'Aurora',	'Chatto',	'achatto1k@qq.com'),
(58,	'Abbe',	'Hastelow',	'ahastelow1l@csmonitor.com'),
(59,	'Mitchael',	'Quinsee',	'mquinsee1m@hatena.ne.jp'),
(60,	'Roxanna',	'Trusslove',	'rtrusslove1n@yolasite.com'),
(61,	'Emlyn',	'Varney',	'evarney1o@dmoz.org'),
(62,	'Hamish',	'Porteous',	'hporteous1p@rakuten.co.jp'),
(63,	'Corie',	'Keneford',	'ckeneford1q@scientificamerican.com'),
(64,	'Lindie',	'Compfort',	'lcompfort1r@exblog.jp'),
(65,	'Caresa',	'Leopold',	'cleopold1s@oaic.gov.au'),
(66,	'Aldridge',	'Buxy',	'abuxy1t@example.com'),
(67,	'Fara',	'Seelbach',	'fseelbach1u@house.gov'),
(68,	'Kai',	'Lyffe',	'klyffe1v@wikispaces.com'),
(69,	'Benyamin',	'Bastin',	'bbastin1w@freewebs.com'),
(70,	'Karlie',	'Wandrey',	'kwandrey1x@bing.com'),
(71,	'Norbert',	'Conrad',	'nconrad1y@e-recht24.de'),
(72,	'Allina',	'Reyner',	'areyner1z@census.gov'),
(73,	'Coletta',	'Howlett',	'chowlett20@prlog.org'),
(74,	'Val',	'McPeake',	'vmcpeake21@prweb.com'),
(75,	'Theobald',	'Thorneley',	'tthorneley22@craigslist.org'),
(76,	'Pen',	'Matijevic',	'pmatijevic23@stanford.edu'),
(77,	'Kelvin',	'Burnside',	'kburnside24@t-online.de'),
(78,	'Reuven',	'Pendrigh',	'rpendrigh25@princeton.edu'),
(79,	'Gwenneth',	'Blazdell',	'gblazdell26@sciencedirect.com'),
(80,	'Mallissa',	'Klimes',	'mklimes27@huffingtonpost.com'),
(81,	'Fernanda',	'Saxby',	'fsaxby28@ask.com'),
(82,	'Vinita',	'Tuxell',	'vtuxell29@skype.com'),
(83,	'Alwin',	'Dawkes',	'adawkes2a@comcast.net'),
(84,	'Sadye',	'Jirousek',	'sjirousek2b@mysql.com'),
(85,	'Pippo',	'Gladdish',	'pgladdish2c@foxnews.com'),
(86,	'Mallory',	'Eede',	'meede2d@amazon.co.jp'),
(87,	'Afton',	'Thebes',	'athebes2e@webnode.com'),
(88,	'Cristy',	'Reskelly',	'creskelly2f@wix.com'),
(89,	'Kenny',	'Ebbutt',	'kebbutt2g@jimdo.com'),
(90,	'Vilhelmina',	'Aspinall',	'vaspinall2h@fc2.com'),
(91,	'Nessie',	'Braney',	'nbraney2i@prweb.com'),
(92,	'Nikolaos',	'Eubank',	'neubank2j@netlog.com'),
(93,	'Enoch',	'McVity',	'emcvity2k@house.gov'),
(94,	'Sanderson',	'Darnell',	'sdarnell2l@berkeley.edu'),
(95,	'Kiersten',	'O\'Downe',	'kodowne2m@economist.com'),
(96,	'Bernelle',	'Twelvetrees',	'btwelvetrees2n@icio.us'),
(97,	'Christoper',	'Cobbin',	'ccobbin2o@webs.com'),
(98,	'Beulah',	'Lobbe',	'blobbe2p@mysql.com'),
(99,	'Sigmund',	'Madle',	'smadle2q@newyorker.com'),
(100,	'Herby',	'Steddall',	'hsteddall2r@skyrock.com'),
(101,	'Ugo',	'Rizzone',	'urizzone2s@blogger.com'),
(102,	'Perl',	'Shannahan',	'pshannahan2t@cam.ac.uk'),
(103,	'Marlene',	'Grewe',	'mgrewe2u@narod.ru'),
(104,	'Issiah',	'Ouldred',	'iouldred2v@seesaa.net'),
(105,	'Jase',	'Fessier',	'jfessier2w@usgs.gov'),
(106,	'Irwinn',	'Livezley',	'ilivezley2x@go.com'),
(107,	'Elberta',	'Gammons',	'egammons2y@intel.com'),
(108,	'Whitaker',	'Dabnot',	'wdabnot2z@soup.io'),
(109,	'Riordan',	'McReedy',	'rmcreedy30@is.gd'),
(110,	'Miguel',	'Gresley',	'mgresley31@dell.com'),
(111,	'Claudian',	'Lindop',	'clindop32@cmu.edu'),
(112,	'Sergent',	'Garritley',	'sgarritley33@posterous.com'),
(113,	'Doro',	'Becconsall',	'dbecconsall34@simplemachines.org'),
(114,	'Louise',	'Delea',	'ldelea35@icq.com'),
(115,	'Mariam',	'Elverston',	'melverston36@blinklist.com'),
(116,	'Tally',	'McLeoid',	'tmcleoid37@tinypic.com'),
(117,	'Blane',	'Grestye',	'bgrestye38@google.com.br'),
(118,	'Demetria',	'Zimmerman',	'dzimmerman39@usa.gov'),
(119,	'Joaquin',	'Klewer',	'jklewer3a@webeden.co.uk'),
(120,	'Amanda',	'Eastam',	'aeastam3b@wsj.com'),
(121,	'Brynne',	'Skeldinge',	'bskeldinge3c@seesaa.net'),
(122,	'Bee',	'Conti',	'bconti3d@reference.com'),
(123,	'Kari',	'Pladen',	'kpladen3e@hud.gov'),
(124,	'Sofia',	'Fossey',	'sfossey3f@dot.gov'),
(125,	'Dirk',	'Eede',	'deede3g@soup.io'),
(126,	'Stacey',	'Shreenan',	'sshreenan3h@woothemes.com'),
(127,	'Zabrina',	'Osbaldstone',	'zosbaldstone3i@usa.gov'),
(128,	'Ashly',	'Stothert',	'astothert3j@ebay.com'),
(129,	'Wenonah',	'Foux',	'wfoux3k@illinois.edu'),
(130,	'Desdemona',	'Eltun',	'deltun3l@soundcloud.com'),
(131,	'Jacques',	'Fibbens',	'jfibbens3m@dyndns.org'),
(132,	'Mella',	'Nelligan',	'mnelligan3n@narod.ru'),
(133,	'Ber',	'MacMearty',	'bmacmearty3o@imdb.com'),
(134,	'Ira',	'Paeckmeyer',	'ipaeckmeyer3p@canalblog.com'),
(135,	'Averyl',	'Moylan',	'amoylan3q@businesswire.com'),
(136,	'Etty',	'Thickin',	'ethickin3r@smugmug.com'),
(137,	'Diego',	'Andree',	'dandree3s@symantec.com'),
(138,	'Pacorro',	'Sturgeon',	'psturgeon3t@instagram.com'),
(139,	'Jandy',	'Moogan',	'jmoogan3u@wisc.edu'),
(140,	'Odey',	'Ranyelld',	'oranyelld3v@washingtonpost.com'),
(141,	'Joellen',	'McEnhill',	'jmcenhill3w@tamu.edu'),
(142,	'Jessamine',	'Tyas',	'jtyas3x@dyndns.org'),
(143,	'Witty',	'Blackmore',	'wblackmore3y@nih.gov'),
(144,	'Leila',	'Mateiko',	'lmateiko3z@arstechnica.com'),
(145,	'Giuseppe',	'Lathbury',	'glathbury40@house.gov'),
(146,	'Lorinda',	'Hatliffe',	'lhatliffe41@rediff.com'),
(147,	'Betty',	'Boodle',	'bboodle42@toplist.cz'),
(148,	'Win',	'Corselles',	'wcorselles43@nih.gov'),
(149,	'Adham',	'Boldra',	'aboldra44@ftc.gov'),
(150,	'Erhart',	'Eagers',	'eeagers45@chronoengine.com'),
(151,	'Felix',	'Esslement',	'fesslement46@geocities.jp'),
(152,	'Odie',	'Petyakov',	'opetyakov47@un.org'),
(153,	'Dredi',	'Tschirasche',	'dtschirasche48@blogger.com'),
(154,	'Mollie',	'Grimme',	'mgrimme49@goo.gl'),
(155,	'Roxine',	'Breed',	'rbreed4a@meetup.com'),
(156,	'Gallard',	'Charette',	'gcharette4b@unc.edu'),
(157,	'Averell',	'Witherspoon',	'awitherspoon4c@alibaba.com'),
(158,	'Leif',	'Jugging',	'ljugging4d@auda.org.au'),
(159,	'Greta',	'Kilgrove',	'gkilgrove4e@washingtonpost.com'),
(160,	'Jodie',	'Ghelerdini',	'jghelerdini4f@intel.com'),
(161,	'Selie',	'Connachan',	'sconnachan4g@house.gov'),
(162,	'Goldi',	'Rockwell',	'grockwell4h@squidoo.com'),
(163,	'Cal',	'Esposito',	'cesposito4i@mediafire.com'),
(164,	'Joscelin',	'Kenaway',	'jkenaway4j@hp.com'),
(165,	'Sal',	'Edmonson',	'sedmonson4k@webmd.com'),
(166,	'Karrie',	'Templar',	'ktemplar4l@addtoany.com'),
(167,	'Irina',	'Gwillym',	'igwillym4m@lycos.com'),
(168,	'Maure',	'Belfrage',	'mbelfrage4n@paypal.com'),
(169,	'Berkley',	'Bunworth',	'bbunworth4o@dropbox.com'),
(170,	'Deanne',	'Spalding',	'dspalding4p@washington.edu'),
(171,	'Pippy',	'Basson',	'pbasson4q@nasa.gov'),
(172,	'Goldarina',	'Dettmar',	'gdettmar4r@fda.gov'),
(173,	'Urbain',	'Prestner',	'uprestner4s@rediff.com'),
(174,	'Linzy',	'Danelutti',	'ldanelutti4t@ow.ly'),
(175,	'Rodolphe',	'Allon',	'rallon4u@nbcnews.com'),
(176,	'Domenico',	'Rowatt',	'drowatt4v@hibu.com'),
(177,	'Shir',	'Sheering',	'ssheering4w@goo.ne.jp'),
(178,	'Federico',	'Tague',	'ftague4x@amazonaws.com'),
(179,	'Whitman',	'Vicioso',	'wvicioso4y@stanford.edu'),
(180,	'Sheila-kathryn',	'Wadmore',	'swadmore4z@twitpic.com'),
(181,	'Chrystal',	'Benettelli',	'cbenettelli50@china.com.cn'),
(182,	'Selig',	'Hoffmann',	'shoffmann51@ebay.com'),
(183,	'Allan',	'Hammonds',	'ahammonds52@about.com'),
(184,	'Chrystal',	'Pittel',	'cpittel53@biblegateway.com'),
(185,	'Colene',	'Seekings',	'cseekings54@e-recht24.de'),
(186,	'Faber',	'Prebble',	'fprebble55@elpais.com'),
(187,	'Laverna',	'Causton',	'lcauston56@amazon.co.jp'),
(188,	'Christabel',	'Prewett',	'cprewett57@nasa.gov'),
(189,	'Armin',	'McTague',	'amctague58@rambler.ru'),
(190,	'Burt',	'Moraleda',	'bmoraleda59@fema.gov'),
(191,	'Dell',	'Lello',	'dlello5a@so-net.ne.jp'),
(192,	'Luciana',	'Parsell',	'lparsell5b@youku.com'),
(193,	'Robert',	'Eykelbosch',	'reykelbosch5c@uiuc.edu'),
(194,	'Corrine',	'Mebius',	'cmebius5d@technorati.com'),
(195,	'Kip',	'Gerhardt',	'kgerhardt5e@clickbank.net'),
(196,	'Sloan',	'Willbourne',	'swillbourne5f@washington.edu'),
(197,	'Timmy',	'Eberts',	'teberts5g@chronoengine.com'),
(198,	'Robina',	'Binny',	'rbinny5h@ucoz.com'),
(199,	'Jaquelin',	'Argent',	'jargent5i@state.tx.us'),
(200,	'Nicolais',	'Bates',	'nbates5j@wsj.com'),
(201,	'Charmaine',	'Lafee',	'clafee5k@vkontakte.ru'),
(202,	'Wally',	'Dent',	'wdent5l@list-manage.com'),
(203,	'Franky',	'Benfell',	'fbenfell5m@europa.eu'),
(204,	'Donni',	'MacFaul',	'dmacfaul5n@list-manage.com'),
(205,	'Shermie',	'Grindell',	'sgrindell5o@zdnet.com'),
(206,	'Mariana',	'Lofty',	'mlofty5p@wunderground.com'),
(207,	'Alleyn',	'Davidowsky',	'adavidowsky5q@wikia.com'),
(208,	'Jana',	'McGreay',	'jmcgreay5r@wufoo.com'),
(209,	'Lane',	'Lattey',	'llattey5s@github.io'),
(210,	'Yancy',	'Maypole',	'ymaypole5t@foxnews.com'),
(211,	'Trevor',	'Stent',	'tstent5u@state.gov'),
(212,	'Urbanus',	'Harsent',	'uharsent5v@qq.com'),
(213,	'Kriste',	'Pulham',	'kpulham5w@people.com.cn'),
(214,	'Dody',	'Antoszewski',	'dantoszewski5x@marriott.com'),
(215,	'Rozelle',	'Kubes',	'rkubes5y@google.nl'),
(216,	'Flossy',	'Boote',	'fboote5z@bigcartel.com'),
(217,	'Kent',	'Beachamp',	'kbeachamp60@twitpic.com'),
(218,	'Stanly',	'Jimpson',	'sjimpson61@epa.gov'),
(219,	'Kai',	'Bridden',	'kbridden62@indiatimes.com'),
(220,	'Emiline',	'Laban',	'elaban63@miitbeian.gov.cn'),
(221,	'Leonanie',	'McTague',	'lmctague64@squarespace.com'),
(222,	'Forbes',	'Arnau',	'farnau65@pagesperso-orange.fr'),
(223,	'Glynis',	'Beddo',	'gbeddo66@w3.org'),
(224,	'Becki',	'Leades',	'bleades67@studiopress.com'),
(225,	'Currey',	'Bratton',	'cbratton68@mac.com'),
(226,	'Manya',	'Shackesby',	'mshackesby69@163.com'),
(227,	'Stoddard',	'Wearne',	'swearne6a@lycos.com'),
(228,	'Eleanora',	'MacTrustie',	'emactrustie6b@unicef.org'),
(229,	'Leesa',	'Paffitt',	'lpaffitt6c@bandcamp.com'),
(230,	'Florry',	'Raoul',	'fraoul6d@sourceforge.net'),
(231,	'Norry',	'Burstowe',	'nburstowe6e@nsw.gov.au'),
(232,	'Queenie',	'Yokley',	'qyokley6f@hexun.com'),
(233,	'Diandra',	'Moodey',	'dmoodey6g@nhs.uk'),
(234,	'Warde',	'Coots',	'wcoots6h@meetup.com'),
(235,	'Stace',	'Honniebal',	'shonniebal6i@macromedia.com'),
(236,	'Beaufort',	'Exell',	'bexell6j@sun.com'),
(237,	'Eric',	'Borlease',	'eborlease6k@biblegateway.com'),
(238,	'Obidiah',	'Aymer',	'oaymer6l@yandex.ru'),
(239,	'Herc',	'Slite',	'hslite6m@hhs.gov'),
(240,	'Aurelie',	'Loveland',	'aloveland6n@hao123.com'),
(241,	'Gweneth',	'Kildale',	'gkildale6o@yahoo.com'),
(242,	'Addi',	'Brittin',	'abrittin6p@goo.ne.jp'),
(243,	'Bartholomeo',	'Gillino',	'bgillino6q@ucoz.com'),
(244,	'Alanah',	'Vinall',	'avinall6r@wsj.com'),
(245,	'Ewell',	'Clubley',	'eclubley6s@histats.com'),
(246,	'Adelle',	'Klein',	'aklein6t@rambler.ru'),
(247,	'Kristen',	'Ambroise',	'kambroise6u@imgur.com'),
(248,	'Jermaine',	'Chipperfield',	'jchipperfield6v@deviantart.com'),
(249,	'Rosabella',	'Theunissen',	'rtheunissen6w@mac.com'),
(250,	'Joey',	'Lenihan',	'jlenihan6x@opensource.org'),
(251,	'Austine',	'Abrahamoff',	'aabrahamoff6y@themeforest.net'),
(252,	'Averill',	'Gregory',	'agregory6z@whitehouse.gov'),
(253,	'Ashton',	'McVitty',	'amcvitty70@i2i.jp'),
(254,	'Catherin',	'Nudde',	'cnudde71@hp.com'),
(255,	'Nikolai',	'Rodbourne',	'nrodbourne72@smh.com.au'),
(256,	'Mag',	'Grise',	'mgrise73@123-reg.co.uk'),
(257,	'Kelsi',	'Boggon',	'kboggon74@nyu.edu'),
(258,	'Fredra',	'Piecha',	'fpiecha75@senate.gov'),
(259,	'Antons',	'Kitlee',	'akitlee76@aol.com'),
(260,	'Bernice',	'Carnegie',	'bcarnegie77@godaddy.com'),
(261,	'Vanessa',	'Gleadhell',	'vgleadhell78@mit.edu'),
(262,	'Jonie',	'Temprell',	'jtemprell79@godaddy.com'),
(263,	'Alisha',	'Brougham',	'abrougham7a@google.ca'),
(264,	'Jillie',	'Filippyev',	'jfilippyev7b@xrea.com'),
(265,	'Rubetta',	'Narey',	'rnarey7c@barnesandnoble.com'),
(266,	'Jarrett',	'Clissett',	'jclissett7d@patch.com'),
(267,	'Riobard',	'Lehmann',	'rlehmann7e@friendfeed.com'),
(268,	'Burnaby',	'O\'Carney',	'bocarney7f@xinhuanet.com'),
(269,	'La verne',	'Retchford',	'lretchford7g@cbsnews.com'),
(270,	'Bayard',	'Holworth',	'bholworth7h@constantcontact.com'),
(271,	'Euphemia',	'MacGillespie',	'emacgillespie7i@amazonaws.com'),
(272,	'Jeniffer',	'McConnachie',	'jmcconnachie7j@apple.com'),
(273,	'Fulton',	'Mandeville',	'fmandeville7k@washingtonpost.com'),
(274,	'Batsheva',	'Arlt',	'barlt7l@yolasite.com'),
(275,	'Friederike',	'Riatt',	'friatt7m@cnbc.com'),
(276,	'Barrie',	'Kent',	'bkent7n@aol.com'),
(277,	'Grady',	'Veysey',	'gveysey7o@state.tx.us'),
(278,	'Athena',	'MacCaffrey',	'amaccaffrey7p@ocn.ne.jp'),
(279,	'Shauna',	'Schenkel',	'sschenkel7q@adobe.com'),
(280,	'Bryon',	'Karoly',	'bkaroly7r@amazon.co.uk'),
(281,	'Hartwell',	'Powys',	'hpowys7s@foxnews.com'),
(282,	'Meta',	'Michelet',	'mmichelet7t@fda.gov'),
(283,	'Christos',	'Christofol',	'cchristofol7u@desdev.cn'),
(284,	'Gale',	'Hill',	'ghill7v@mac.com'),
(285,	'Susy',	'Slessor',	'sslessor7w@wikimedia.org'),
(286,	'Zita',	'Burgon',	'zburgon7x@bizjournals.com'),
(287,	'Humphrey',	'Cabedo',	'hcabedo7y@telegraph.co.uk'),
(288,	'Jillie',	'Llewellin',	'jllewellin7z@istockphoto.com'),
(289,	'Selene',	'Petrov',	'spetrov80@unicef.org'),
(290,	'Jilleen',	'Frew',	'jfrew81@topsy.com'),
(291,	'Lin',	'Daal',	'ldaal82@hc360.com'),
(292,	'Matthiew',	'Zebedee',	'mzebedee83@people.com.cn'),
(293,	'Otha',	'Stanning',	'ostanning84@tripod.com'),
(294,	'Joya',	'Turri',	'jturri85@soundcloud.com'),
(295,	'Lek',	'Laux',	'llaux86@ox.ac.uk'),
(296,	'Lavinie',	'Burker',	'lburker87@mapy.cz'),
(297,	'Smitty',	'Gentery',	'sgentery88@simplemachines.org'),
(298,	'Elinor',	'Fley',	'efley89@soup.io'),
(299,	'Lanie',	'Brereton',	'lbrereton8a@example.com'),
(300,	'Marty',	'Eyckel',	'meyckel8b@europa.eu'),
(301,	'Delmore',	'Dootson',	'ddootson8c@dailymotion.com'),
(302,	'Neala',	'Crumbie',	'ncrumbie8d@ask.com'),
(303,	'Gretel',	'Gorgl',	'ggorgl8e@nytimes.com'),
(304,	'Napoleon',	'Ledley',	'nledley8f@sciencedirect.com'),
(305,	'Hercule',	'Smead',	'hsmead8g@icq.com'),
(306,	'Abbey',	'Patey',	'apatey8h@gov.uk'),
(307,	'Sybyl',	'Follett',	'sfollett8i@myspace.com'),
(308,	'Annis',	'Walklott',	'awalklott8j@tamu.edu'),
(309,	'Aileen',	'Nowick',	'anowick8k@zdnet.com'),
(310,	'Lina',	'Soigne',	'lsoigne8l@weibo.com'),
(311,	'Bobbe',	'Gohier',	'bgohier8m@theglobeandmail.com'),
(312,	'Angelo',	'Hucks',	'ahucks8n@devhub.com'),
(313,	'Zitella',	'Raitt',	'zraitt8o@github.io'),
(314,	'Eirena',	'Doman',	'edoman8p@google.com.br'),
(315,	'Catharine',	'Corbishley',	'ccorbishley8q@salon.com'),
(316,	'Wang',	'Kniveton',	'wkniveton8r@hao123.com'),
(317,	'Louie',	'Powis',	'lpowis8s@bloomberg.com'),
(318,	'Karrie',	'De Freitas',	'kdefreitas8t@google.com'),
(319,	'Rikki',	'Coltart',	'rcoltart8u@sfgate.com'),
(320,	'Brena',	'Deppe',	'bdeppe8v@cmu.edu'),
(321,	'Wilek',	'Darrington',	'wdarrington8w@cisco.com'),
(322,	'Allyce',	'Bagot',	'abagot8x@toplist.cz'),
(323,	'Ad',	'Rosini',	'arosini8y@nature.com'),
(324,	'Ruben',	'Jaukovic',	'rjaukovic8z@netvibes.com'),
(325,	'Alphard',	'Schukraft',	'aschukraft90@wordpress.com'),
(326,	'Lynnett',	'Oldaker',	'loldaker91@google.it'),
(327,	'Osbourn',	'Kulicke',	'okulicke92@marketwatch.com'),
(328,	'Harmonia',	'L\' Anglois',	'hlanglois93@buzzfeed.com'),
(329,	'Nana',	'Wellbelove',	'nwellbelove94@bbc.co.uk'),
(330,	'Ema',	'Wheelhouse',	'ewheelhouse95@fc2.com'),
(331,	'Doloritas',	'Luckham',	'dluckham96@ovh.net'),
(332,	'Emily',	'Smeuin',	'esmeuin97@unicef.org'),
(333,	'Michel',	'Rangeley',	'mrangeley98@desdev.cn'),
(334,	'Lorri',	'Durban',	'ldurban99@soundcloud.com'),
(335,	'Orland',	'Arpino',	'oarpino9a@pbs.org'),
(336,	'Sawyere',	'Draisey',	'sdraisey9b@google.nl'),
(337,	'Tracey',	'Pettifer',	'tpettifer9c@posterous.com'),
(338,	'Louisette',	'Wyvill',	'lwyvill9d@mtv.com'),
(339,	'Obadiah',	'Pickover',	'opickover9e@phpbb.com'),
(340,	'Cassey',	'Werrett',	'cwerrett9f@w3.org'),
(341,	'Renault',	'Sego',	'rsego9g@surveymonkey.com'),
(342,	'Julian',	'Spandley',	'jspandley9h@ehow.com'),
(343,	'Clarissa',	'Cammis',	'ccammis9i@answers.com'),
(344,	'Osborn',	'Inglis',	'oinglis9j@geocities.jp'),
(345,	'Linoel',	'Pegden',	'lpegden9k@rambler.ru'),
(346,	'Antin',	'Rowswell',	'arowswell9l@goo.gl'),
(347,	'Neils',	'Balleine',	'nballeine9m@reddit.com'),
(348,	'Karlotte',	'Birth',	'kbirth9n@tmall.com'),
(349,	'York',	'Manser',	'ymanser9o@seesaa.net'),
(350,	'Goldarina',	'McNutt',	'gmcnutt9p@google.it'),
(351,	'Lay',	'Domb',	'ldomb9q@tuttocitta.it'),
(352,	'Betsey',	'Sotheron',	'bsotheron9r@comsenz.com'),
(353,	'Wynnie',	'O\'Keefe',	'wokeefe9s@telegraph.co.uk'),
(354,	'Jory',	'Packham',	'jpackham9t@diigo.com'),
(355,	'Abagail',	'Phibb',	'aphibb9u@sina.com.cn'),
(356,	'Maddie',	'Spracklin',	'mspracklin9v@cyberchimps.com'),
(357,	'Decca',	'Crumley',	'dcrumley9w@epa.gov'),
(358,	'Sharity',	'Darque',	'sdarque9x@example.com'),
(359,	'Merola',	'Guswell',	'mguswell9y@huffingtonpost.com'),
(360,	'Mellicent',	'Fardy',	'mfardy9z@cbsnews.com'),
(361,	'Janean',	'Feild',	'jfeilda0@linkedin.com'),
(362,	'Arnaldo',	'Pantridge',	'apantridgea1@abc.net.au'),
(363,	'Aloysia',	'Bertwistle',	'abertwistlea2@sfgate.com'),
(364,	'Carny',	'Yegorkov',	'cyegorkova3@phoca.cz'),
(365,	'Marion',	'Tsarovic',	'mtsarovica4@usatoday.com'),
(366,	'Amory',	'Greathead',	'agreatheada5@upenn.edu'),
(367,	'Alaster',	'Scrivner',	'ascrivnera6@nbcnews.com'),
(368,	'Ilysa',	'Paeckmeyer',	'ipaeckmeyera7@wired.com'),
(369,	'Matty',	'Underdown',	'munderdowna8@sogou.com'),
(370,	'Carmelita',	'Tuffley',	'ctuffleya9@exblog.jp'),
(371,	'Say',	'Stuchbury',	'sstuchburyaa@youku.com'),
(372,	'Mireille',	'Kerrey',	'mkerreyab@npr.org'),
(373,	'Christina',	'Dutnell',	'cdutnellac@earthlink.net'),
(374,	'Fredrika',	'Bright',	'fbrightad@lycos.com'),
(375,	'Deidre',	'Kix',	'dkixae@springer.com'),
(376,	'Claudine',	'Trusler',	'ctrusleraf@nytimes.com'),
(377,	'Millie',	'Edel',	'medelag@hud.gov'),
(378,	'Jessika',	'Shellard',	'jshellardah@cocolog-nifty.com'),
(379,	'Odille',	'Mayte',	'omayteai@ask.com'),
(380,	'Izak',	'Probate',	'iprobateaj@blinklist.com'),
(381,	'Toby',	'Eccleshall',	'teccleshallak@ft.com'),
(382,	'Marcelo',	'MacKomb',	'mmackombal@sakura.ne.jp'),
(383,	'Bowie',	'Dibbert',	'bdibbertam@people.com.cn'),
(384,	'Odille',	'Maciejak',	'omaciejakan@qq.com'),
(385,	'Bartholomeus',	'Ardern',	'bardernao@merriam-webster.com'),
(386,	'Sammie',	'Welbelove',	'swelbeloveap@google.ru'),
(387,	'Shae',	'Dyson',	'sdysonaq@sciencedaily.com'),
(388,	'Piggy',	'Bazell',	'pbazellar@reference.com'),
(389,	'Georgianne',	'Harmston',	'gharmstonas@mit.edu'),
(390,	'Cori',	'Broadbere',	'cbroadbereat@icio.us'),
(391,	'Dev',	'Nore',	'dnoreau@rediff.com'),
(392,	'Germain',	'de Merida',	'gdemeridaav@jiathis.com'),
(393,	'Isadora',	'Durrington',	'idurringtonaw@wikia.com'),
(394,	'Stephenie',	'Winspire',	'swinspireax@1688.com'),
(395,	'Trent',	'Prime',	'tprimeay@indiatimes.com'),
(396,	'Darryl',	'Walklott',	'dwalklottaz@plala.or.jp'),
(397,	'Gwen',	'Melson',	'gmelsonb0@jiathis.com'),
(398,	'Wilhelm',	'Daudray',	'wdaudrayb1@addthis.com'),
(399,	'Ruthi',	'Tumulty',	'rtumultyb2@bluehost.com'),
(400,	'Geoff',	'Livesley',	'glivesleyb3@livejournal.com'),
(401,	'Sonnie',	'Bastian',	'sbastianb4@mysql.com'),
(402,	'Brigham',	'Swendell',	'bswendellb5@elpais.com'),
(403,	'Harlene',	'Genery',	'hgeneryb6@blogger.com'),
(404,	'Jessy',	'Grinyer',	'jgrinyerb7@creativecommons.org'),
(405,	'Saundra',	'Comi',	'scomib8@huffingtonpost.com'),
(406,	'Jami',	'Payfoot',	'jpayfootb9@github.io'),
(407,	'Valene',	'Padbery',	'vpadberyba@omniture.com'),
(408,	'Bar',	'Janic',	'bjanicbb@oakley.com'),
(409,	'Ag',	'Fery',	'aferybc@mozilla.org'),
(410,	'Albrecht',	'Pittendreigh',	'apittendreighbd@walmart.com'),
(411,	'Chas',	'Shird',	'cshirdbe@imgur.com'),
(412,	'Worthy',	'Messingham',	'wmessinghambf@sciencedaily.com'),
(413,	'Homerus',	'Bailie',	'hbailiebg@dailymotion.com'),
(414,	'Ber',	'Lowbridge',	'blowbridgebh@hud.gov'),
(415,	'Giusto',	'Domsalla',	'gdomsallabi@fc2.com'),
(416,	'Derby',	'Hirtz',	'dhirtzbj@imdb.com'),
(417,	'Margaret',	'Alberts',	'malbertsbk@oakley.com'),
(418,	'Noll',	'Leggott',	'nleggottbl@goo.gl'),
(419,	'Romona',	'Vears',	'rvearsbm@forbes.com'),
(420,	'Tedman',	'MacCallester',	'tmaccallesterbn@hp.com'),
(421,	'Rodney',	'Sacchetti',	'rsacchettibo@arstechnica.com'),
(422,	'Batsheva',	'Crammy',	'bcrammybp@telegraph.co.uk'),
(423,	'Berne',	'Sheara',	'bshearabq@devhub.com'),
(424,	'Linoel',	'Boyfield',	'lboyfieldbr@jalbum.net'),
(425,	'Eimile',	'Blasetti',	'eblasettibs@ning.com'),
(426,	'Dennis',	'Cansdale',	'dcansdalebt@army.mil'),
(427,	'Melisa',	'Ambroise',	'mambroisebu@hostgator.com'),
(428,	'Susannah',	'Chatain',	'schatainbv@vkontakte.ru'),
(429,	'Vannie',	'Fairholme',	'vfairholmebw@webs.com'),
(430,	'Cybil',	'Vallens',	'cvallensbx@businesswire.com'),
(431,	'Laryssa',	'Slyford',	'lslyfordby@artisteer.com'),
(432,	'Cyrus',	'Lambregts',	'clambregtsbz@ezinearticles.com'),
(433,	'Mozes',	'Schouthede',	'mschouthedec0@devhub.com'),
(434,	'Robert',	'Giovannacc@i',	'rgiovannaccic1@barnesandnoble.com'),
(435,	'Barnard',	'Vowels',	'bvowelsc2@flavors.me'),
(436,	'Skippy',	'Penhallurick',	'spenhallurickc3@wiley.com'),
(437,	'Pepita',	'Cargill',	'pcargillc4@livejournal.com'),
(438,	'Tome',	'Dowley',	'tdowleyc5@naver.com'),
(439,	'Hallsy',	'Sandwith',	'hsandwithc6@dmoz.org'),
(440,	'Bill',	'Kemmish',	'bkemmishc7@list-manage.com'),
(441,	'Fletch',	'Saywell',	'fsaywellc8@usgs.gov'),
(442,	'Hagen',	'Messer',	'hmesserc9@stumbleupon.com'),
(443,	'Janice',	'Imrie',	'jimrieca@loc.gov'),
(444,	'Oneida',	'Hanburry',	'ohanburrycb@yale.edu'),
(445,	'Glennie',	'Eisig',	'geisigcc@techcrunch.com'),
(446,	'Sergent',	'Gallihawk',	'sgallihawkcd@bing.com'),
(447,	'Kassie',	'Yuranovev',	'kyuranovevce@dailymotion.com'),
(448,	'Charmaine',	'Storror',	'cstorrorcf@arizona.edu'),
(449,	'Madelle',	'Rusted',	'mrustedcg@abc.net.au'),
(450,	'Rafaelia',	'Georgescu',	'rgeorgescuch@foxnews.com'),
(451,	'Olivie',	'MacAdam',	'omacadamci@g.co'),
(452,	'Ahmed',	'Blencowe',	'ablencowecj@gmpg.org'),
(453,	'Tamra',	'Zarb',	'tzarbck@gizmodo.com'),
(454,	'Belita',	'MacAne',	'bmacanecl@tamu.edu'),
(455,	'Clem',	'Whotton',	'cwhottoncm@businessinsider.com'),
(456,	'Sergent',	'Featherstonhaugh',	'sfeatherstonhaughcn@cloudflare.com'),
(457,	'Mar',	'Varran',	'mvarranco@arstechnica.com'),
(458,	'Dolores',	'Penhaleurack',	'dpenhaleurackcp@wordpress.com'),
(459,	'Alec',	'De Rye Barrett',	'aderyebarrettcq@live.com'),
(460,	'Wye',	'Wyborn',	'wwyborncr@hc360.com'),
(461,	'Anthia',	'Hanse',	'ahansecs@seesaa.net'),
(462,	'Thorsten',	'Bartoszewski',	'tbartoszewskict@alexa.com'),
(463,	'Merrill',	'Easeman',	'measemancu@addthis.com'),
(464,	'Krishna',	'Billborough',	'kbillboroughcv@cnn.com'),
(465,	'Vergil',	'Metschke',	'vmetschkecw@comsenz.com'),
(466,	'Hieronymus',	'Castellanos',	'hcastellanoscx@washingtonpost.com'),
(467,	'Bryant',	'Gutman',	'bgutmancy@usda.gov'),
(468,	'Rinaldo',	'Loveguard',	'rloveguardcz@economist.com'),
(469,	'Kareem',	'Buckoke',	'kbuckoked0@shareasale.com'),
(470,	'Adrea',	'Jost',	'ajostd1@mtv.com'),
(471,	'Darrelle',	'Camili',	'dcamilid2@bandcamp.com'),
(472,	'Elwira',	'Steere',	'esteered3@dell.com'),
(473,	'Ludovico',	'Gepson',	'lgepsond4@fotki.com'),
(474,	'Stanislas',	'Roskams',	'sroskamsd5@photobucket.com'),
(475,	'Karrah',	'Dudeney',	'kdudeneyd6@statcounter.com'),
(476,	'Jess',	'Le Bosse',	'jlebossed7@geocities.jp'),
(477,	'Lorette',	'Varndall',	'lvarndalld8@cbc.ca'),
(478,	'Raymond',	'Goddman',	'rgoddmand9@mozilla.org'),
(479,	'Analiese',	'Ulrik',	'aulrikda@nih.gov'),
(480,	'Harlan',	'Halleday',	'hhalledaydb@mac.com'),
(481,	'Lizzie',	'Fogg',	'lfoggdc@boston.com'),
(482,	'Edie',	'Wanell',	'ewanelldd@fotki.com'),
(483,	'Hadleigh',	'Simonsson',	'hsimonssonde@squarespace.com'),
(484,	'Taite',	'Stittle',	'tstittledf@fastcompany.com'),
(485,	'Martita',	'Fisby',	'mfisbydg@msu.edu'),
(486,	'Filmore',	'Wildman',	'fwildmandh@nymag.com'),
(487,	'Ivy',	'Treversh',	'itrevershdi@ehow.com'),
(488,	'Layton',	'Worman',	'lwormandj@facebook.com'),
(489,	'Laurette',	'Labuschagne',	'llabuschagnedk@imdb.com'),
(490,	'Cinderella',	'Drohane',	'cdrohanedl@163.com'),
(491,	'Alejandro',	'Lillyman',	'alillymandm@time.com'),
(492,	'Carilyn',	'MacCleay',	'cmaccleaydn@behance.net'),
(493,	'Ches',	'Bankhurst',	'cbankhurstdo@umich.edu'),
(494,	'Enrika',	'McSkin',	'emcskindp@theguardian.com'),
(495,	'Etty',	'Sully',	'esullydq@ted.com'),
(496,	'Irita',	'Mews',	'imewsdr@opera.com'),
(497,	'Vivienne',	'Muzzi',	'vmuzzids@loc.gov'),
(498,	'Meade',	'Kemmett',	'mkemmettdt@ucla.edu'),
(499,	'Carmelle',	'Adamski',	'cadamskidu@hexun.com'),
(500,	'Cathleen',	'Carsey',	'ccarseydv@ycombinator.com'),
(501,	'Dusty',	'Baldrey',	'dbaldreydw@uol.com.br'),
(502,	'Junina',	'Butland',	'jbutlanddx@yellowpages.com'),
(503,	'Lincoln',	'Mitchely',	'lmitchelydy@google.de'),
(504,	'Lorelei',	'Wringe',	'lwringedz@mit.edu'),
(505,	'Starlene',	'Fearneley',	'sfearneleye0@ebay.co.uk'),
(506,	'Pat',	'Leather',	'pleathere1@angelfire.com'),
(507,	'Thorvald',	'Scadding',	'tscaddinge2@ocn.ne.jp'),
(508,	'Conney',	'Grindrod',	'cgrindrode3@smugmug.com'),
(509,	'Nari',	'Wyles',	'nwylese4@facebook.com'),
(510,	'Lauree',	'Bottom',	'lbottome5@ezinearticles.com'),
(511,	'Fletch',	'Bonnier',	'fbonniere6@feedburner.com'),
(512,	'Monti',	'McFetridge',	'mmcfetridgee7@toplist.cz'),
(513,	'Helaina',	'Gaze',	'hgazee8@wunderground.com'),
(514,	'Lucila',	'Baker',	'lbakere9@mediafire.com'),
(515,	'Etty',	'Sandland',	'esandlandea@purevolume.com'),
(516,	'Gard',	'Micheu',	'gmicheueb@joomla.org'),
(517,	'Kleon',	'O\'Feeny',	'kofeenyec@geocities.com'),
(518,	'Colman',	'Checklin',	'cchecklined@lulu.com'),
(519,	'Emlynne',	'Duffet',	'eduffetee@dedecms.com'),
(520,	'Emelda',	'Mitroshinov',	'emitroshinovef@europa.eu'),
(521,	'Burnard',	'Rimer',	'brimereg@gizmodo.com'),
(522,	'Hortensia',	'Sayton',	'hsaytoneh@census.gov'),
(523,	'Marney',	'Davidge',	'mdavidgeei@github.io'),
(524,	'Kassandra',	'Jakeman',	'kjakemanej@reverbnation.com'),
(525,	'Beltran',	'Staries',	'bstariesek@php.net'),
(526,	'Consuela',	'Kemmey',	'ckemmeyel@a8.net'),
(527,	'Peri',	'Kennefick',	'pkennefickem@jigsy.com'),
(528,	'Margot',	'Robshaw',	'mrobshawen@goodreads.com'),
(529,	'Melitta',	'Jeanenet',	'mjeaneneteo@storify.com'),
(530,	'Dur',	'Boobier',	'dboobierep@theatlantic.com'),
(531,	'Linus',	'Syseland',	'lsyselandeq@theguardian.com'),
(532,	'Jarred',	'Linacre',	'jlinacreer@state.gov'),
(533,	'Lolita',	'Grinsted',	'lgrinstedes@istockphoto.com'),
(534,	'Pauli',	'Harring',	'pharringet@nasa.gov'),
(535,	'Hedda',	'de Keep',	'hdekeepeu@admin.ch'),
(536,	'Ruby',	'O\' Concannon',	'roconcannonev@yellowpages.com'),
(537,	'Agnes',	'Antonignetti',	'aantonignettiew@bravesites.com'),
(538,	'Julissa',	'McArte',	'jmcarteex@deliciousdays.com'),
(539,	'Cassie',	'Bermingham',	'cberminghamey@skyrock.com'),
(540,	'Shalne',	'Swinney',	'sswinneyez@odnoklassniki.ru'),
(541,	'Eustace',	'Roderigo',	'eroderigof0@rambler.ru'),
(542,	'Hayden',	'Carlill',	'hcarlillf1@theatlantic.com'),
(543,	'Cathryn',	'Bevington',	'cbevingtonf2@hc360.com'),
(544,	'Shelley',	'Callan',	'scallanf3@youku.com'),
(545,	'Archie',	'Backman',	'abackmanf4@taobao.com'),
(546,	'Alvira',	'Seppey',	'aseppeyf5@cocolog-nifty.com'),
(547,	'Franklin',	'Parris',	'fparrisf6@go.com'),
(548,	'Cacilie',	'Mathews',	'cmathewsf7@bizjournals.com'),
(549,	'Alisa',	'Wood',	'awoodf8@mlb.com'),
(550,	'Homere',	'Timbridge',	'htimbridgef9@dailymail.co.uk'),
(551,	'Brunhilde',	'MacDonell',	'bmacdonellfa@altervista.org'),
(552,	'Udell',	'Boot',	'ubootfb@dyndns.org'),
(553,	'Jo ann',	'Geoghegan',	'jgeogheganfc@hao123.com'),
(554,	'Loralee',	'Dominique',	'ldominiquefd@marketwatch.com'),
(555,	'Fulvia',	'Vernall',	'fvernallfe@un.org'),
(556,	'Diena',	'Matuszinski',	'dmatuszinskiff@msu.edu'),
(557,	'Lesya',	'Hairyes',	'lhairyesfg@usgs.gov'),
(558,	'Beale',	'McRinn',	'bmcrinnfh@github.com'),
(559,	'Jamison',	'Ower',	'jowerfi@nifty.com'),
(560,	'Ricard',	'Normanell',	'rnormanellfj@cbc.ca'),
(561,	'Giralda',	'Soden',	'gsodenfk@fastcompany.com'),
(562,	'Sybila',	'Sare',	'ssarefl@ovh.net'),
(563,	'Reinhold',	'Senter',	'rsenterfm@wisc.edu'),
(564,	'Cesar',	'Lee',	'cleefn@delicious.com'),
(565,	'Way',	'Killbey',	'wkillbeyfo@163.com'),
(566,	'Sarene',	'Lantuffe',	'slantuffefp@wikispaces.com'),
(567,	'Darsie',	'Henrie',	'dhenriefq@drupal.org'),
(568,	'Charo',	'Skain',	'cskainfr@vk.com'),
(569,	'Artur',	'Ciccarello',	'aciccarellofs@theguardian.com'),
(570,	'Patton',	'Deakins',	'pdeakinsft@godaddy.com'),
(571,	'Clemmy',	'Neem',	'cneemfu@dropbox.com'),
(572,	'Gennie',	'Abernethy',	'gabernethyfv@tripod.com'),
(573,	'Gerry',	'Chichgar',	'gchichgarfw@macromedia.com'),
(574,	'Roch',	'Hammerberg',	'rhammerbergfx@mapquest.com'),
(575,	'Roxanne',	'De Francesco',	'rdefrancescofy@people.com.cn'),
(576,	'Johnette',	'Victor',	'jvictorfz@live.com'),
(577,	'Giulia',	'Hutchings',	'ghutchingsg0@nih.gov'),
(578,	'Simeon',	'Beart',	'sbeartg1@house.gov'),
(579,	'Webb',	'Lesmonde',	'wlesmondeg2@slideshare.net'),
(580,	'Jere',	'Esby',	'jesbyg3@buzzfeed.com'),
(581,	'Hewie',	'Cockarill',	'hcockarillg4@unblog.fr'),
(582,	'Stoddard',	'Maxwale',	'smaxwaleg5@seesaa.net'),
(583,	'Penelope',	'McRae',	'pmcraeg6@exblog.jp'),
(584,	'Vinson',	'Raden',	'vradeng7@tamu.edu'),
(585,	'Gilburt',	'Barlow',	'gbarlowg8@ox.ac.uk'),
(586,	'Golda',	'Attride',	'gattrideg9@cbsnews.com'),
(587,	'Ambrosi',	'Escale',	'aescalega@printfriendly.com'),
(588,	'Aldin',	'Diviney',	'adivineygb@i2i.jp'),
(589,	'Lennard',	'Herrero',	'lherrerogc@1688.com'),
(590,	'Matty',	'Codrington',	'mcodringtongd@blogspot.com'),
(591,	'Mela',	'Boggis',	'mboggisge@google.com'),
(592,	'Aleen',	'Embra',	'aembragf@technorati.com'),
(593,	'Cammy',	'Imos',	'cimosgg@feedburner.com'),
(594,	'Ely',	'Smowton',	'esmowtongh@alibaba.com'),
(595,	'Anthe',	'Flute',	'aflutegi@scribd.com'),
(596,	'Berton',	'Crates',	'bcratesgj@parallels.com'),
(597,	'Amory',	'D\'Avaux',	'adavauxgk@cyberchimps.com'),
(598,	'Enrico',	'Guerriero',	'eguerrierogl@google.fr'),
(599,	'Astra',	'Andrusov',	'aandrusovgm@addtoany.com'),
(600,	'Raychel',	'McClosh',	'rmccloshgn@typepad.com'),
(601,	'Belia',	'Cunniff',	'bcunniffgo@csmonitor.com'),
(602,	'Oswell',	'Antoniottii',	'oantoniottiigp@house.gov'),
(603,	'Karen',	'Coom',	'kcoomgq@mac.com'),
(604,	'Kyrstin',	'Perschke',	'kperschkegr@bigcartel.com'),
(605,	'Sherm',	'Taaffe',	'staaffegs@canalblog.com'),
(606,	'Alfie',	'Nevett',	'anevettgt@washingtonpost.com'),
(607,	'Nils',	'Gillam',	'ngillamgu@army.mil'),
(608,	'Deane',	'Giorgielli',	'dgiorgielligv@blinklist.com'),
(609,	'Kendall',	'Rowlatt',	'krowlattgw@chron.com'),
(610,	'Tanner',	'Strutz',	'tstrutzgx@csmonitor.com'),
(611,	'Nicolea',	'Everix',	'neverixgy@independent.co.uk'),
(612,	'Maia',	'Marder',	'mmardergz@yelp.com'),
(613,	'Rozalin',	'Cabera',	'rcaberah0@freewebs.com'),
(614,	'Lincoln',	'Barrat',	'lbarrath1@ucoz.ru'),
(615,	'Fifine',	'Huguet',	'fhugueth2@cbc.ca'),
(616,	'Shelba',	'Shires',	'sshiresh3@histats.com'),
(617,	'Gunther',	'Steanyng',	'gsteanyngh4@google.fr'),
(618,	'Julie',	'Rochester',	'jrochesterh5@webeden.co.uk'),
(619,	'Kellia',	'Pester',	'kpesterh6@theglobeandmail.com'),
(620,	'Gregor',	'Ludl',	'gludlh7@multiply.com'),
(621,	'Bronson',	'Andrasch',	'bandraschh8@gizmodo.com'),
(622,	'Hodge',	'Hughf',	'hhughfh9@washington.edu'),
(623,	'Robin',	'Martygin',	'rmartyginha@jalbum.net'),
(624,	'Sonya',	'Elstow',	'selstowhb@tamu.edu'),
(625,	'Nevin',	'Gather',	'ngatherhc@icio.us'),
(626,	'Lemmie',	'Rebichon',	'lrebichonhd@mysql.com'),
(627,	'Alfred',	'Tethcote',	'atethcotehe@ocn.ne.jp'),
(628,	'Lexi',	'Vickress',	'lvickresshf@csmonitor.com'),
(629,	'Elnora',	'Smallridge',	'esmallridgehg@biglobe.ne.jp'),
(630,	'Marvin',	'Arrigo',	'marrigohh@vistaprint.com'),
(631,	'Emmeline',	'Laughren',	'elaughrenhi@lulu.com'),
(632,	'Sarita',	'Betts',	'sbettshj@purevolume.com'),
(633,	'Maurise',	'Francomb',	'mfrancombhk@opera.com'),
(634,	'Cacilia',	'Melladew',	'cmelladewhl@blinklist.com'),
(635,	'Vivie',	'Carmont',	'vcarmonthm@eventbrite.com'),
(636,	'Leland',	'Snartt',	'lsnartthn@storify.com'),
(637,	'Ari',	'Reading',	'areadingho@taobao.com'),
(638,	'Wittie',	'Timberlake',	'wtimberlakehp@php.net'),
(639,	'Diann',	'Rottger',	'drottgerhq@blog.com'),
(640,	'Cacilie',	'Grewar',	'cgrewarhr@jiathis.com'),
(641,	'Liv',	'Moisey',	'lmoiseyhs@infoseek.co.jp'),
(642,	'Dede',	'Polet',	'dpoletht@spotify.com'),
(643,	'Elane',	'Tasseler',	'etasselerhu@ed.gov'),
(644,	'Colleen',	'Dykes',	'cdykeshv@miibeian.gov.cn'),
(645,	'Candis',	'Postance',	'cpostancehw@google.co.jp'),
(646,	'Loutitia',	'Morrott',	'lmorrotthx@spotify.com'),
(647,	'Keeley',	'Ivanov',	'kivanovhy@psu.edu'),
(648,	'Jedd',	'Joiner',	'jjoinerhz@yahoo.com'),
(649,	'Leslie',	'Garbett',	'lgarbetti0@dion.ne.jp'),
(650,	'Bree',	'Kinder',	'bkinderi1@harvard.edu'),
(651,	'Kissie',	'Risebrow',	'krisebrowi2@digg.com'),
(652,	'Susi',	'Byrd',	'sbyrdi3@google.de'),
(653,	'Elvin',	'Ivison',	'eivisoni4@ow.ly'),
(654,	'Kaspar',	'Andrysiak',	'kandrysiaki5@theglobeandmail.com'),
(655,	'Dianna',	'Geffinger',	'dgeffingeri6@dell.com'),
(656,	'Darnell',	'Mitrovic',	'dmitrovici7@nhs.uk'),
(657,	'Guillermo',	'Cowderoy',	'gcowderoyi8@abc.net.au'),
(658,	'Barbette',	'Debill',	'bdebilli9@infoseek.co.jp'),
(659,	'Brynna',	'Morrison',	'bmorrisonia@narod.ru'),
(660,	'Jackie',	'Djuricic',	'jdjuricicib@noaa.gov'),
(661,	'Chrisse',	'Grunder',	'cgrunderic@tinypic.com'),
(662,	'Temp',	'Ernke',	'ternkeid@fda.gov'),
(663,	'Merline',	'Blaske',	'mblaskeie@t.co'),
(664,	'Sal',	'Chaters',	'schatersif@nba.com'),
(665,	'Kellia',	'Zuker',	'kzukerig@addtoany.com'),
(666,	'Wyatan',	'Klassmann',	'wklassmannih@myspace.com'),
(667,	'Claudina',	'Abbett',	'cabbettii@macromedia.com'),
(668,	'Artemus',	'Spores',	'asporesij@ftc.gov'),
(669,	'Minetta',	'Hexter',	'mhexterik@blogs.com'),
(670,	'Hal',	'Conisbee',	'hconisbeeil@shop-pro.jp'),
(671,	'Johnny',	'Ofen',	'jofenim@toplist.cz'),
(672,	'Annnora',	'Beardshall',	'abeardshallin@nifty.com'),
(673,	'Sancho',	'Cluney',	'scluneyio@deviantart.com'),
(674,	'Dawna',	'Leynham',	'dleynhamip@booking.com'),
(675,	'Krisha',	'Murrock',	'kmurrockiq@mail.ru'),
(676,	'Kinsley',	'Buten',	'kbutenir@imdb.com'),
(677,	'Alejandro',	'Bertholin',	'abertholinis@nymag.com'),
(678,	'Anita',	'Brogini',	'abroginiit@cisco.com'),
(679,	'Trip',	'Fairbrace',	'tfairbraceiu@drupal.org'),
(680,	'Corinne',	'Lillow',	'clillowiv@businesswire.com'),
(681,	'Cherrita',	'Albarez',	'calbareziw@csmonitor.com'),
(682,	'Nonie',	'Carwithan',	'ncarwithanix@spotify.com'),
(683,	'Padraic',	'Bedwell',	'pbedwelliy@wordpress.org'),
(684,	'Laurella',	'Burney',	'lburneyiz@e-recht24.de'),
(685,	'Roseanna',	'Quirke',	'rquirkej0@jugem.jp'),
(686,	'Melania',	'St. Aubyn',	'mstaubynj1@hao123.com'),
(687,	'Eugen',	'Chilcotte',	'echilcottej2@smh.com.au'),
(688,	'Zach',	'Ackwood',	'zackwoodj3@businessinsider.com'),
(689,	'Thorpe',	'Betser',	'tbetserj4@scribd.com'),
(690,	'Margaret',	'Ounsworth',	'mounsworthj5@google.nl'),
(691,	'Nert',	'MacKenney',	'nmackenneyj6@godaddy.com'),
(692,	'Webster',	'Falla',	'wfallaj7@yelp.com'),
(693,	'Yorgo',	'Eadmead',	'yeadmeadj8@simplemachines.org'),
(694,	'Michel',	'Ower',	'mowerj9@netscape.com'),
(695,	'Derek',	'Kurton',	'dkurtonja@squarespace.com'),
(696,	'Knox',	'Gosby',	'kgosbyjb@google.com'),
(697,	'Margalit',	'Blatchford',	'mblatchfordjc@jugem.jp'),
(698,	'Hyman',	'Trevaskis',	'htrevaskisjd@barnesandnoble.com'),
(699,	'Bel',	'Pruckner',	'bprucknerje@xrea.com'),
(700,	'Devina',	'Cusiter',	'dcusiterjf@npr.org'),
(701,	'Georgianna',	'Studdeard',	'gstuddeardjg@nature.com'),
(702,	'Sherilyn',	'Casellas',	'scasellasjh@census.gov'),
(703,	'Mei',	'Esom',	'mesomji@livejournal.com'),
(704,	'Bradney',	'Hemshall',	'bhemshalljj@wiley.com'),
(705,	'Kiah',	'Gelling',	'kgellingjk@so-net.ne.jp'),
(706,	'Case',	'Matlock',	'cmatlockjl@slate.com'),
(707,	'Rebekkah',	'Launder',	'rlaunderjm@oakley.com'),
(708,	'Staford',	'Terrett',	'sterrettjn@europa.eu'),
(709,	'Gusta',	'Barbe',	'gbarbejo@gizmodo.com'),
(710,	'Nedda',	'Insworth',	'ninsworthjp@berkeley.edu'),
(711,	'Kitty',	'Beseke',	'kbesekejq@google.com'),
(712,	'Dag',	'Hayhow',	'dhayhowjr@businessinsider.com'),
(713,	'Hallie',	'Maffia',	'hmaffiajs@issuu.com'),
(714,	'Godwin',	'Rarity',	'grarityjt@plala.or.jp'),
(715,	'Brien',	'Bruford',	'bbrufordju@dailymail.co.uk'),
(716,	'Doyle',	'Hadaway',	'dhadawayjv@goo.ne.jp'),
(717,	'Malina',	'Koschke',	'mkoschkejw@livejournal.com'),
(718,	'Charles',	'Wallice',	'cwallicejx@elpais.com'),
(719,	'Tiertza',	'Syrad',	'tsyradjy@stanford.edu'),
(720,	'Waylin',	'Clemenza',	'wclemenzajz@china.com.cn'),
(721,	'Brennen',	'Edscer',	'bedscerk0@smugmug.com'),
(722,	'Clem',	'Pablo',	'cpablok1@columbia.edu'),
(723,	'Dennet',	'Chadney',	'dchadneyk2@uol.com.br'),
(724,	'Delly',	'Farryann',	'dfarryannk3@skype.com'),
(725,	'Krystle',	'Kasher',	'kkasherk4@t-online.de'),
(726,	'Farica',	'Belford',	'fbelfordk5@nih.gov'),
(727,	'Norman',	'Ellerton',	'nellertonk6@tiny.cc'),
(728,	'Washington',	'Balston',	'wbalstonk7@facebook.com'),
(729,	'Karyl',	'Ralton',	'kraltonk8@reference.com'),
(730,	'Merle',	'Lambe',	'mlambek9@homestead.com'),
(731,	'Jamill',	'Blood',	'jbloodka@mac.com'),
(732,	'Del',	'Agget',	'daggetkb@csmonitor.com'),
(733,	'Dasie',	'Banaszewski',	'dbanaszewskikc@yelp.com'),
(734,	'Jules',	'Heads',	'jheadskd@slideshare.net'),
(735,	'Jarred',	'Gifford',	'jgiffordke@nyu.edu'),
(736,	'Geneva',	'Wybron',	'gwybronkf@tripod.com'),
(737,	'Alysia',	'Ingrey',	'aingreykg@cnet.com'),
(738,	'Suzy',	'Horry',	'shorrykh@wikispaces.com'),
(739,	'Harriette',	'Trousdale',	'htrousdaleki@newsvine.com'),
(740,	'Kizzie',	'Darrow',	'kdarrowkj@shutterfly.com'),
(741,	'Jae',	'Byres',	'jbyreskk@bravesites.com'),
(742,	'Edward',	'Kavanagh',	'ekavanaghkl@springer.com'),
(743,	'Guthry',	'Tarbett',	'gtarbettkm@miitbeian.gov.cn'),
(744,	'Maynard',	'Robic',	'mrobickn@newsvine.com'),
(745,	'Gasparo',	'Lestrange',	'glestrangeko@cocolog-nifty.com'),
(746,	'Dusty',	'Reolfi',	'dreolfikp@blogs.com'),
(747,	'Jami',	'Bazoge',	'jbazogekq@webeden.co.uk'),
(748,	'Maggie',	'Mation',	'mmationkr@ifeng.com'),
(749,	'Aviva',	'Figliovanni',	'afigliovanniks@mail.ru'),
(750,	'Kellia',	'Heasly',	'kheaslykt@nba.com'),
(751,	'Nedi',	'Ginger',	'ngingerku@rediff.com'),
(752,	'Benedick',	'Winwood',	'bwinwoodkv@parallels.com'),
(753,	'Wyatt',	'Pettinger',	'wpettingerkw@google.de'),
(754,	'Ketti',	'Auckland',	'kaucklandkx@newyorker.com'),
(755,	'Betti',	'Fairlaw',	'bfairlawky@barnesandnoble.com'),
(756,	'Lanie',	'Wooder',	'lwooderkz@seattletimes.com'),
(757,	'Anson',	'Pickersail',	'apickersaill0@1688.com'),
(758,	'Maureen',	'Aitchison',	'maitchisonl1@desdev.cn'),
(759,	'Charleen',	'Greenside',	'cgreensidel2@businessinsider.com'),
(760,	'Forester',	'Garwill',	'fgarwilll3@imageshack.us'),
(761,	'Ella',	'Mobius',	'emobiusl4@harvard.edu'),
(762,	'Farica',	'Thornbarrow',	'fthornbarrowl5@xinhuanet.com'),
(763,	'Betteanne',	'Lumbly',	'blumblyl6@example.com'),
(764,	'Chevalier',	'Swepson',	'cswepsonl7@oaic.gov.au'),
(765,	'Kessiah',	'Frazier',	'kfrazierl8@last.fm'),
(766,	'Earlie',	'Whopples',	'ewhopplesl9@ehow.com'),
(767,	'Sonnie',	'Moger',	'smogerla@devhub.com'),
(768,	'Didi',	'Sterry',	'dsterrylb@boston.com'),
(769,	'Stanton',	'Gallemore',	'sgallemorelc@who.int'),
(770,	'Mahala',	'Falconer',	'mfalconerld@ycombinator.com'),
(771,	'Connor',	'Kase',	'ckasele@digg.com'),
(772,	'Ambrosi',	'McEvon',	'amcevonlf@blogspot.com'),
(773,	'Merry',	'Cherryman',	'mcherrymanlg@ca.gov'),
(774,	'Stern',	'Sawford',	'ssawfordlh@blogspot.com'),
(775,	'Zelig',	'Pretty',	'zprettyli@oakley.com'),
(776,	'Arv',	'Claasen',	'aclaasenlj@ibm.com'),
(777,	'Seumas',	'McIlveen',	'smcilveenlk@auda.org.au'),
(778,	'Orren',	'Richards',	'orichardsll@yelp.com'),
(779,	'Deane',	'Hamly',	'dhamlylm@cpanel.net'),
(780,	'Wilbur',	'Lobe',	'wlobeln@newsvine.com'),
(781,	'Nathanael',	'Mazdon',	'nmazdonlo@mit.edu'),
(782,	'Wolf',	'Radin',	'wradinlp@patch.com'),
(783,	'Korrie',	'Blasius',	'kblasiuslq@bandcamp.com'),
(784,	'Harwell',	'Klaessen',	'hklaessenlr@tamu.edu'),
(785,	'Eldon',	'Bilsford',	'ebilsfordls@360.cn'),
(786,	'Chloette',	'Hedge',	'chedgelt@rambler.ru'),
(787,	'Flory',	'Thomas',	'fthomaslu@edublogs.org'),
(788,	'Niven',	'Innocenti',	'ninnocentilv@japanpost.jp'),
(789,	'Donni',	'Sedcole',	'dsedcolelw@mac.com'),
(790,	'Normand',	'Dunkerk',	'ndunkerklx@so-net.ne.jp'),
(791,	'Jeanie',	'Tullett',	'jtullettly@oracle.com'),
(792,	'Velvet',	'Copelli',	'vcopellilz@creativecommons.org'),
(793,	'Joachim',	'Crosetto',	'jcrosettom0@bloomberg.com'),
(794,	'Ingaborg',	'Capstick',	'icapstickm1@cpanel.net'),
(795,	'Alwin',	'Kirke',	'akirkem2@yahoo.co.jp'),
(796,	'Zora',	'MacDuff',	'zmacduffm3@shinystat.com'),
(797,	'Becky',	'Ephson',	'bephsonm4@privacy.gov.au'),
(798,	'Dani',	'Anker',	'dankerm5@smugmug.com'),
(799,	'Sashenka',	'Jentgens',	'sjentgensm6@sphinn.com'),
(800,	'Jehanna',	'Piesing',	'jpiesingm7@upenn.edu'),
(801,	'Orren',	'Cockburn',	'ocockburnm8@cdbaby.com'),
(802,	'Lowe',	'Drains',	'ldrainsm9@yelp.com'),
(803,	'Augustin',	'Picton',	'apictonma@hugedomains.com'),
(804,	'Tim',	'Rate',	'tratemb@ifeng.com'),
(805,	'Ros',	'Brabender',	'rbrabendermc@youtu.be'),
(806,	'Kerrie',	'Fawks',	'kfawksmd@buzzfeed.com'),
(807,	'Staford',	'Felder',	'sfelderme@unicef.org'),
(808,	'Meghan',	'Yitzovitz',	'myitzovitzmf@uiuc.edu'),
(809,	'Ronnie',	'Dabinett',	'rdabinettmg@newsvine.com'),
(810,	'Faythe',	'Dymidowicz',	'fdymidowiczmh@pinterest.com'),
(811,	'Gale',	'Rouff',	'grouffmi@purevolume.com'),
(812,	'Koressa',	'Louth',	'klouthmj@ameblo.jp'),
(813,	'Guido',	'Riddock',	'griddockmk@so-net.ne.jp'),
(814,	'Neel',	'Collerd',	'ncollerdml@guardian.co.uk'),
(815,	'Ileana',	'Ciccotti',	'iciccottimm@wikispaces.com'),
(816,	'Nert',	'Haslam',	'nhaslammn@typepad.com'),
(817,	'Nerissa',	'Macer',	'nmacermo@nih.gov'),
(818,	'Millard',	'Mc Curlye',	'mmccurlyemp@shop-pro.jp'),
(819,	'Jennine',	'Bebb',	'jbebbmq@purevolume.com'),
(820,	'Lexis',	'Esland',	'leslandmr@geocities.com'),
(821,	'Torrence',	'Sandy',	'tsandyms@behance.net'),
(822,	'Bary',	'Linnane',	'blinnanemt@nsw.gov.au'),
(823,	'Marget',	'Dovermann',	'mdovermannmu@ibm.com'),
(824,	'Berenice',	'MacCarroll',	'bmaccarrollmv@hatena.ne.jp'),
(825,	'Karlie',	'Lillecrop',	'klillecropmw@tmall.com'),
(826,	'Dag',	'Potapczuk',	'dpotapczukmx@com.com'),
(827,	'Letta',	'Howat',	'lhowatmy@ycombinator.com'),
(828,	'Blayne',	'Delph',	'bdelphmz@google.es'),
(829,	'Gabby',	'Vondra',	'gvondran0@foxnews.com'),
(830,	'Aarika',	'Vinecombe',	'avinecomben1@comsenz.com'),
(831,	'Jacquenetta',	'Vivers',	'jviversn2@mozilla.com'),
(832,	'Simon',	'Drury',	'sdruryn3@geocities.jp'),
(833,	'Calvin',	'Twinbrow',	'ctwinbrown4@blogger.com'),
(834,	'Aida',	'Enbury',	'aenburyn5@1und1.de'),
(835,	'Fernandina',	'Leggate',	'fleggaten6@prnewswire.com'),
(836,	'Matti',	'Beine',	'mbeinen7@photobucket.com'),
(837,	'Salaidh',	'Cowill',	'scowilln8@chronoengine.com'),
(838,	'Samaria',	'Westbury',	'swestburyn9@salon.com'),
(839,	'Araldo',	'Salvador',	'asalvadorna@lulu.com'),
(840,	'Shaine',	'Screen',	'sscreennb@oracle.com'),
(841,	'Chris',	'Pudan',	'cpudannc@bing.com'),
(842,	'Demetrius',	'Finnimore',	'dfinnimorend@baidu.com'),
(843,	'Timofei',	'Winspare',	'twinsparene@gravatar.com'),
(844,	'Cindy',	'Olander',	'colandernf@answers.com'),
(845,	'Lurette',	'Abbe',	'labbeng@cargocollective.com'),
(846,	'Hymie',	'Bridel',	'hbridelnh@godaddy.com'),
(847,	'Robert',	'Rudinger',	'rrudingerni@icio.us'),
(848,	'May',	'Larcher',	'mlarchernj@ning.com'),
(849,	'Lizette',	'Reid',	'lreidnk@time.com'),
(850,	'Bennett',	'Andrejs',	'bandrejsnl@webmd.com'),
(851,	'Marlon',	'Rany',	'mranynm@vinaora.com'),
(852,	'Garvy',	'Filov',	'gfilovnn@google.nl'),
(853,	'Dehlia',	'Symones',	'dsymonesno@foxnews.com'),
(854,	'Tremayne',	'Drane',	'tdranenp@google.ca'),
(855,	'Lisetta',	'Flores',	'lfloresnq@mozilla.org'),
(856,	'Glen',	'Spino',	'gspinonr@paypal.com'),
(857,	'Michel',	'Iglesia',	'miglesians@tinyurl.com'),
(858,	'Gene',	'Roadnight',	'groadnightnt@washingtonpost.com'),
(859,	'Nickie',	'Jenne',	'njennenu@cisco.com'),
(860,	'Kaye',	'Vicent',	'kvicentnv@sogou.com'),
(861,	'Harlie',	'Shorie',	'hshorienw@last.fm'),
(862,	'Karita',	'Hansford',	'khansfordnx@blogspot.com'),
(863,	'Meridith',	'Cicchitello',	'mcicchitellony@twitter.com'),
(864,	'Neile',	'Jarritt',	'njarrittnz@macromedia.com'),
(865,	'Elisha',	'Newcombe',	'enewcombeo0@networksolutions.com'),
(866,	'Quillan',	'Snelman',	'qsnelmano1@npr.org'),
(867,	'Eddie',	'Lawford',	'elawfordo2@dailymotion.com'),
(868,	'Hasheem',	'Charnock',	'hcharnocko3@apache.org'),
(869,	'Maison',	'Trimble',	'mtrimbleo4@nps.gov'),
(870,	'Cathyleen',	'Dincey',	'cdinceyo5@fc2.com'),
(871,	'Chelsea',	'Camier',	'ccamiero6@ow.ly'),
(872,	'Nerty',	'Grieswood',	'ngrieswoodo7@phpbb.com'),
(873,	'Aldric',	'O\'Lenane',	'aolenaneo8@blog.com'),
(874,	'Sherry',	'Daborne',	'sdaborneo9@jimdo.com'),
(875,	'Eldon',	'MacConchie',	'emacconchieoa@upenn.edu'),
(876,	'Miltie',	'Bailles',	'mbaillesob@unesco.org'),
(877,	'Constancia',	'D\'Agostino',	'cdagostinooc@myspace.com'),
(878,	'Aurore',	'Shanklin',	'ashanklinod@howstuffworks.com'),
(879,	'Shara',	'Moncrefe',	'smoncrefeoe@answers.com'),
(880,	'Dorthea',	'Bloxsom',	'dbloxsomof@adobe.com'),
(881,	'Daria',	'Bester',	'dbesterog@hibu.com'),
(882,	'Milly',	'Boscher',	'mboscheroh@networkadvertising.org'),
(883,	'Ber',	'Morfett',	'bmorfettoi@goodreads.com'),
(884,	'Vicky',	'McCaffery',	'vmccafferyoj@yahoo.co.jp'),
(885,	'Issy',	'Helmke',	'ihelmkeok@biblegateway.com'),
(886,	'Wendall',	'Hegley',	'whegleyol@printfriendly.com'),
(887,	'Luke',	'Ludovici',	'lludoviciom@wsj.com'),
(888,	'Adrea',	'Josefer',	'ajoseferon@ehow.com'),
(889,	'Aldon',	'Mousley',	'amousleyoo@flickr.com'),
(890,	'Lilia',	'Yurlov',	'lyurlovop@bloglovin.com'),
(891,	'Graig',	'Cowdry',	'gcowdryoq@tamu.edu'),
(892,	'Gerty',	'Biernat',	'gbiernator@slashdot.org'),
(893,	'Beverlee',	'Moar',	'bmoaros@dell.com'),
(894,	'Kit',	'Bettenay',	'kbettenayot@nasa.gov'),
(895,	'Pierson',	'Handrock',	'phandrockou@i2i.jp'),
(896,	'Benedikta',	'Behrendsen',	'bbehrendsenov@timesonline.co.uk'),
(897,	'Gard',	'Lilbourne',	'glilbourneow@parallels.com'),
(898,	'Celestina',	'Loveland',	'clovelandox@prweb.com'),
(899,	'Linnea',	'Stobie',	'lstobieoy@scribd.com'),
(900,	'Milt',	'Youel',	'myoueloz@symantec.com'),
(901,	'Jared',	'McCambridge',	'jmccambridgep0@xing.com'),
(902,	'Mercie',	'Jex',	'mjexp1@oracle.com'),
(903,	'Cacilie',	'Saunt',	'csauntp2@hexun.com'),
(904,	'Erica',	'Grass',	'egrassp3@jigsy.com'),
(905,	'Rozamond',	'Morland',	'rmorlandp4@shop-pro.jp'),
(906,	'Darsey',	'Littledyke',	'dlittledykep5@oakley.com'),
(907,	'Emily',	'Havis',	'ehavisp6@imageshack.us'),
(908,	'Osbourne',	'Bigley',	'obigleyp7@ifeng.com'),
(909,	'Norbie',	'McGaughie',	'nmcgaughiep8@booking.com'),
(910,	'Beverly',	'Sissland',	'bsisslandp9@slideshare.net'),
(911,	'Cesya',	'Vinker',	'cvinkerpa@springer.com'),
(912,	'Siobhan',	'Oertzen',	'soertzenpb@studiopress.com'),
(913,	'Corbet',	'Trammel',	'ctrammelpc@godaddy.com'),
(914,	'Lucretia',	'Collum',	'lcollumpd@yandex.ru'),
(915,	'Eadmund',	'Gjerde',	'egjerdepe@prnewswire.com'),
(916,	'Harper',	'Andreoletti',	'handreolettipf@addtoany.com'),
(917,	'Jilli',	'Gater',	'jgaterpg@noaa.gov'),
(918,	'Brandy',	'Marrett',	'bmarrettph@blog.com'),
(919,	'Wilhelmine',	'Ditzel',	'wditzelpi@disqus.com'),
(920,	'Bernard',	'Hakonsson',	'bhakonssonpj@mtv.com'),
(921,	'Kelvin',	'July',	'kjulypk@goodreads.com'),
(922,	'Gus',	'Hallum',	'ghallumpl@berkeley.edu'),
(923,	'Beale',	'Tivenan',	'btivenanpm@51.la'),
(924,	'Filberte',	'Klimmek',	'fklimmekpn@go.com'),
(925,	'Ives',	'Ridhole',	'iridholepo@economist.com'),
(926,	'Veronika',	'Lawlor',	'vlawlorpp@patch.com'),
(927,	'Alexandrina',	'Hugues',	'ahuguespq@wiley.com'),
(928,	'Debra',	'Cornbell',	'dcornbellpr@mediafire.com'),
(929,	'Floria',	'Hammor',	'fhammorps@usgs.gov'),
(930,	'Putnam',	'Pardey',	'ppardeypt@artisteer.com'),
(931,	'Harmonia',	'Snelle',	'hsnellepu@ameblo.jp'),
(932,	'Matthaeus',	'Mackley',	'mmackleypv@comcast.net'),
(933,	'Evelyn',	'Wane',	'ewanepw@vinaora.com'),
(934,	'Carling',	'Darley',	'cdarleypx@issuu.com'),
(935,	'Dorothee',	'Haskins',	'dhaskinspy@engadget.com'),
(936,	'Hugibert',	'Gayter',	'hgayterpz@tiny.cc'),
(937,	'Spenser',	'Tuff',	'stuffq0@networkadvertising.org'),
(938,	'Callean',	'Massie',	'cmassieq1@cornell.edu'),
(939,	'Nils',	'Munehay',	'nmunehayq2@amazon.com'),
(940,	'Beatrice',	'Bradley',	'bbradleyq3@indiatimes.com'),
(941,	'Hill',	'Natalie',	'hnatalieq4@altervista.org'),
(942,	'Elvira',	'Lipscomb',	'elipscombq5@joomla.org'),
(943,	'Pierce',	'Jessett',	'pjessettq6@utexas.edu'),
(944,	'Harriot',	'Jerrold',	'hjerroldq7@sphinn.com'),
(945,	'Brigham',	'Niess',	'bniessq8@about.com'),
(946,	'Alfreda',	'Godden',	'agoddenq9@baidu.com'),
(947,	'Allys',	'Stebbin',	'astebbinqa@gnu.org'),
(948,	'Sebastiano',	'de Tocqueville',	'sdetocquevilleqb@free.fr'),
(949,	'Fran',	'Wyeld',	'fwyeldqc@economist.com'),
(950,	'Sky',	'Laughrey',	'slaughreyqd@blog.com'),
(951,	'Alyss',	'MacConchie',	'amacconchieqe@msu.edu'),
(952,	'Abraham',	'Whitelaw',	'awhitelawqf@noaa.gov'),
(953,	'Alfy',	'Cruce',	'acruceqg@mozilla.org'),
(954,	'Reggie',	'Sowray',	'rsowrayqh@ocn.ne.jp'),
(955,	'Margy',	'Paniman',	'mpanimanqi@is.gd'),
(956,	'Derwin',	'Pendlington',	'dpendlingtonqj@abc.net.au'),
(957,	'Sybyl',	'Neno',	'snenoqk@weibo.com'),
(958,	'Walliw',	'Fishburn',	'wfishburnql@friendfeed.com'),
(959,	'Coreen',	'Armiger',	'carmigerqm@parallels.com'),
(960,	'Lilian',	'Rumble',	'lrumbleqn@craigslist.org'),
(961,	'Mathilda',	'Bulbrook',	'mbulbrookqo@freewebs.com'),
(962,	'Jermayne',	'Van der Beek',	'jvanderbeekqp@census.gov'),
(963,	'Iago',	'Hancorn',	'ihancornqq@newyorker.com'),
(964,	'Cyndia',	'Pordal',	'cpordalqr@typepad.com'),
(965,	'Hermie',	'Vreede',	'hvreedeqs@fotki.com'),
(966,	'Tallia',	'Fitzer',	'tfitzerqt@usda.gov'),
(967,	'Harriott',	'Guinn',	'hguinnqu@yale.edu'),
(968,	'Avril',	'Pindred',	'apindredqv@typepad.com'),
(969,	'Vernice',	'Fielden',	'vfieldenqw@nymag.com'),
(970,	'Gerhardine',	'Cruden',	'gcrudenqx@reverbnation.com'),
(971,	'Lu',	'Verring',	'lverringqy@hugedomains.com'),
(972,	'Doralia',	'Trumper',	'dtrumperqz@topsy.com'),
(973,	'Vitia',	'Ebdin',	'vebdinr0@tuttocitta.it'),
(974,	'Niko',	'Furney',	'nfurneyr1@edublogs.org'),
(975,	'Flin',	'Pennycord',	'fpennycordr2@vimeo.com'),
(976,	'Field',	'Clouter',	'fclouterr3@springer.com'),
(977,	'Justinn',	'Holley',	'jholleyr4@typepad.com'),
(978,	'Jedidiah',	'Bernot',	'jbernotr5@skyrock.com'),
(979,	'Uri',	'Daymont',	'udaymontr6@sohu.com'),
(980,	'Lucine',	'Lavery',	'llaveryr7@unicef.org'),
(981,	'Briney',	'Bernardon',	'bbernardonr8@seattletimes.com'),
(982,	'Saidee',	'McCrow',	'smccrowr9@businessweek.com'),
(983,	'Annie',	'Emblen',	'aemblenra@blogger.com'),
(984,	'Gannon',	'Stichel',	'gstichelrb@zdnet.com'),
(985,	'Marina',	'Burthom',	'mburthomrc@hexun.com'),
(986,	'Morganica',	'Westwater',	'mwestwaterrd@rambler.ru'),
(987,	'Winona',	'McCafferty',	'wmccaffertyre@clickbank.net'),
(988,	'Rhodie',	'Legan',	'rleganrf@marketwatch.com'),
(989,	'Hendrick',	'Challes',	'hchallesrg@statcounter.com'),
(990,	'Mary',	'Leavey',	'mleaveyrh@cam.ac.uk'),
(991,	'Shawn',	'Lemoir',	'slemoirri@cbsnews.com'),
(992,	'Briant',	'Lantoph',	'blantophrj@last.fm'),
(993,	'Markus',	'Korb',	'mkorbrk@edublogs.org'),
(994,	'Ewan',	'Velde',	'evelderl@bizjournals.com'),
(995,	'Joyan',	'Fusco',	'jfuscorm@cisco.com'),
(996,	'Alvis',	'Hotton',	'ahottonrn@chicagotribune.com'),
(997,	'Morgen',	'Geare',	'mgearero@phoca.cz'),
(998,	'Dareen',	'Marvel',	'dmarvelrp@multiply.com'),
(999,	'Regan',	'Figura',	'rfigurarq@home.pl'),
(1000,	'Robbyn',	'Klimes',	'rklimesrr@sfgate.com');